"id","answer"
"qwmqaAYMyWe6","A"
"qqTSMd4unXe1","A"
"qpJlfkvVcDnR","A"
"qwuDh2ABaREY","C"
"qosYF3szTQxF","C"
"qMmkUWJ4Noxl","D"
"qvuRivajVsZF","A"
"qsuctszO5N7S","D"
"q7DpBKSi0KTf","D"
"qUxf3WfZnDic","E"
"qB0a7vNVaPXi","D"
"qe38jc3xgdxB","G"
"quKhrCnL3Zyu","F"
"qQMiB6IYidxq","B"
"q3MNZn1N1ea8","F"
"qHnIGqqFYR5z","C"
"qpBPA2MIjQJ6","A"
"qDwYvjJLJRqu","C"
"qA0s43nvmRPT","G"
"qiukAY8k01En","F"
"qOQsP5g7aB28","H"
"qxJ3A5Qgwv2K","A"
"q028ypjKd1wC","D"
"qyt90XcoLj6n","A"
"q69RQPSMtNtI","E"
"qvbepu0XD1HS","B"
"qP1Glj1gq3cL","C"
"q2zJ43uYTs3m","B"
"qhSI6LEFtYXc","E"
"qNI4LxX92eRg","F"
"qqGTJiYkMfz4","E"
"qBThlaryhBxC","A"
"qiCP19C0CHi6","E"
"qsFnoVHQjGIW","F"
"qToUvBLZ52PL","F"
"qlI9HS28fms6","G"
"q2ngnTAZfEmq","H"
"qNB9tHNpl43o","G"
"qUM7Oc7Z6dcL","C"
"qPQodA4cNxCm","G"
"qw7wAB5EB2Ej","D"
"qVJYGSWlNP4u","E"
"q6W1P3rCsabI","A"
"q98rg6UEeRB6","F"
"qxtAwNCTK59g","E"
"qszKfcw5IKoF","B"
"qE8P64MuBloL","G"
"qrXzDGOuw0OS","G"
"qdZqCPtYlpIN","H"
"qjGZKCUNHWMW","G"
"qQPzpGwv6URb","C"
"qGvhAaG9wByl","F"
"qBjV13M9b4SY","H"
"qFS05YyiqPMl","F"
"qyCvN1HHUy6K","D"
"qZ4apHSC0Y3N","E"
"qz0eTfGclwOW","B"
"qkx9ke3BKH85","A"
"qG6t9VHds0rz","F"
"qvMAhvdW0DGX","F"
"qOLUtvtFXoEH","D"
"q4jBIx1HqNCq","E"
"qjMVIETZtkWH","F"
"qQGnsbci3QMP","A"
"qaJg02VqOWHE","F"
"qQEJrMMevIue","B"
"qqY2qXTVRSEN","B"
"qDRb4pkNnFVa","B"
"qJg436ku8oPC","B"
"qeqhOEs9tl4N","A"
"qXYNEmwqrqkH","H"
"qarSyfhv1OMi","F"
"qXNI1SKMLYGs","E"
"qIMVd78Vzoz6","D"
"qAokAUw2ZOGf","E"
"qAlgfp3ST9cX","B"
"qRvw36TsWPt8","F"
"qg6tQz40jygr","F"
"qxu43Rb24Xcp","A"
"qfWoROEW4ND9","B"
"q4N93zyDusoO","A"
"qHD0U5c7Pr9X","A"
"qn8Hr2BXkE6Q","E"
"qfIKcgnJS6LD","D"
"qq9p6RKuoIov","G"
"qAVWkNqT7hhL","D"
"qFWUN0KE3PMw","G"
"qbqorjf8jSyg","G"
"qhqlGDK0OsvG","G"
"qxofIuvIMn4V","H"
"qszcrHyfdmzN","G"
"qbDN47dJHrwk","G"
"qfsCxBwrepQu","C"
"qgOmfcvS3hmi","D"
"qni0eOoqSoqy","A"
"q57hC7cD1yf8","G"
"qhVytOi5KtoS","A"
"qni06FCTYOV5","G"
"qTcXnnJFZ9bY","D"
"qvXHlA7lNjyj","E"
"qVOH4utNTyxA","A"
"qsUeedggqgk7","B"
"qB6IFwpM2ytB","A"
"q74mpfzYciLP","E"
"qv8NeOQ9uwQX","F"
"qVgIn5gTzWSQ","E"
"qpqohU0M5gCw","E"
"qPdMMrdBLOWD","F"
"qkcjfA0yCfQj","E"
"qDzQH66J3Vf5","E"
"qVXZRKAcdgeH","H"
"qZLXU5uXkyWc","B"
"qyKWB2x7cFUE","F"
"qyuBPioKsKIF","B"
"qzKuMkZl4Qlr","D"
"qq4pvddZoeLm","C"
"qByN1U9zLlBB","F"
"q00lSWTs8TVu","E"
"qvNiJeJsarAY","A"
"qKu1zYnEfyR0","A"
"qMEkMfpj9YD8","C"
"qeY2IZvQf4oA","D"
"qb0xtsYrryiV","G"
"q0oTh3nbmwKi","F"
"qgnr8zD8af9f","E"
"qgKInSDSxfAT","C"
"qOHeBjgFkWK6","G"
"qTLx43YRORen","E"
"qX13JbGY8NbL","F"
"q7ZVCYsqPf4L","B"
"qWF1IsWbDte5","D"
"qOZ9Si86T15j","A"
"q2JaP2pRKAsb","E"
"qnAeJphjN9NL","C"
"qnGcnlcDA9G8","A"
"qgVen25oxxI3","E"
"qU38XUCC7kc6","A"
"qg7nswcGa126","E"
"qXQRsjxar1sg","F"
"qw7qOfGUX8Wt","B"
"qpvmW5BFJ0hI","B"
"qukaFlGi1BYt","E"
"qU7e4R9JHmr5","D"
"qfV0rzZBatVL","F"
"qFkXM65ElifC","D"
"q1dGc93x9yhY","E"
"qF3KPIZQzKRE","B"
"qy0ot9kmo4Qg","D"
"qqYsr2BGZQoh","C"
"qviZ6r7KJJ19","E"
"quYeYEl0LkKF","A"
"qXSJg4jB0Yy0","A"
"qeqlGiNndS2J","F"
"qWsFF4VlkNcj","B"
"q4xlq3N4k1yV","B"
"qpEjnSpM0OHu","B"
"qDL2w3suVacI","B"
"qBuF12Be4BYb","F"
"q87KNTQ0Zlty","E"
"qopPh29488K6","E"
"qq8ihlLHNNU2","B"
"qqiFEVFvsps2","F"
"qKwcGBOoH3kb","E"
"qJRnde8M20dv","E"
"qNQGksaePi7W","B"
"q6ZCfWcDwJfP","C"
"qMfGYML5GZHm","D"
"qrza9sIpscMW","C"
"qeiXG8wUsBWa","E"
"qJ0FmoVQTHgM","C"
"qmxaCgEQj1BK","A"
"q7axrOH24w2A","F"
"qkuRWD5IrQrc","D"
"qqBF719JFvMO","A"
"q2lhKUBfNKmX","F"
"qxLHQ5p5d7cH","A"
"qmX5ZEjB2veI","E"
"qQ52KXYq0JIa","E"
"qeg7fiuZiTzn","E"
"qOAFVV9HBUPj","A"
"qivZK1qC2ltb","B"
"qcB6HPLRzvQN","G"
"qdALCwkuOzoA","D"
"qt2271XnYeEm","C"
"qiKmol3j5SjO","A"
"qOnohAijSYTV","A"
"q9h9UIYLeVVV","G"
"qD5jK53eLGmy","C"
"qwMS6hfxXKrt","G"
"qEzq6ZnfUvui","G"
"qBCqqDWJThcS","A"
"qYqOoFfifGrQ","C"
"qQqR3Xm5tUIR","A"
"q0VJxuLc3Drx","G"
"qTqgnCsO30pc","E"
"qSQLoykSxhmB","E"
"qlJ3emOXj6Jb","A"
"qEbBbLv4q9mC","G"
"qfw2tKX6L0kj","E"
"q5zGcQA2mr8z","G"
"qsOySjr7ApcK","F"
"q32xWutah4mH","B"
"qsSbPwQGP567","E"
"qArylTvbbhoj","D"
"qXDM6qDWmx5M","C"
"qHege2mA8x94","B"
"qmCKDn10Pgki","E"
"qttfCtuQsiZN","F"
"qImmlRNAfcK1","G"
"qSliVEHL5oxS","D"
"qgHBIPPVjqv7","A"
"qAJ8iRs7OuyH","C"
"qjIvH2v75BOB","C"
"qnojtuScuwbR","C"
"qSdjMge8PE0j","D"
"qL4Z3xVgrqfs","C"
"qMiQJyNXlyHf","B"
"q6aEC35dGBOn","G"
"q5GkXRbE1EyW","D"
"q1KUOtzZ6vk8","B"
"qgiqQtNit5VB","E"
"qwTZE47Ktvsb","F"
"qG2DNmikqVAK","A"
"qy8hZ29wXEk2","F"
"qoqGvfoPi0WT","E"
"qw96OwWKgJoU","G"
"qwTZxLcom3Ig","D"
"qsRONvOyKygX","D"
"qtiqJ0942kUN","D"
"qJPwSaMV00B8","A"
"qRczRsAdhNe6","D"
"qbL9qHNoBkMN","C"
"qsLLQWpf5SiT","C"
"qMS38HN5PrbV","C"
"qhxJRoAREYrs","E"
"qbdoRmaXJGqb","E"
"qVBx7nK46Aw9","E"
"qagC195AnmgH","G"
"qSqiHCygT1ts","D"
"qpwBEQbFRAqF","A"
"qTiYt9iIwox0","B"
"qZppSsbeiN3c","G"
"qhjzWlwE0siO","D"
"qpsilVpI1AdO","A"
"qnBilYsIfWcu","A"
"ql3Kt2fqGTDS","D"
"qc9vRfsdTv9v","D"
"q7A0aQbEH9N5","B"
"q4hMCnxtUlJt","B"
"qRyvt8rNwuST","E"
"qfsifr8LRJrE","D"
"qcFaGLOUzpJb","C"
"q12ltiOuRoyR","C"
"q2VSKIIFgDYz","A"
"qMGB6arAK236","B"
"q2qkb3EvgpIg","B"
"qgCnWkGs0SRP","G"
"qJRU5BlL9A4B","A"
"qTgtawuhHr58","F"
"qgiW2O97adUg","B"
"qEcqSBC8UXcH","E"
"qSNZeHnPyViU","C"
"qv3Q7iK4rQYe","C"
"q0FDsO05kBFY","G"
"q4FVo9109FkF","E"
"qVQPDbzQc0FP","F"
"qW9sp5QATAy4","E"
"qMAZ07dKoM2x","B"
"qlbPurhTM94C","C"
"q22B7oC5vCdJ","G"
"qsHwbaU6cZlh","F"
"qoXLjiGsJBUG","B"
"qrqi03fE98kS","C"
"qqtWRvn3cRNP","A"
"qm09U9Di0eZ8","F"
"q5uZKAOU2pCX","G"
"qYE2VKnRHSrI","E"
"qGI6pc8dbAwI","G"
"qybZdGoMQdvC","A"
"q980X75AbZWj","F"
"qS0g7Hoa29HL","D"
"qlmyt14EVY27","A"
"qugUeoO1Pgp2","G"
"qHDPTfXxaoHL","F"
"qYjWfrN38JWU","D"
"qTDBOYnjI65h","D"
"q3E41eo2aKkB","F"
"qsUozgT4lfMY","H"
"qg4rlWhZiWZQ","D"
"qBkjwHKKPvSA","D"
"qXXxK5NCStK6","B"
"q0aH81Sfe8uA","H"
"qoiIeCpyYfKW","A"
"qUhEBR9vOa19","C"
"qkRTPLXDqyVc","A"
"qCO73HEBOPj9","G"
"qf33oxyykmlw","E"
"qvrNNFKwzrVT","B"
"qW7yLrUDNai7","B"
"qomvIxsWWnRl","E"
"qrPvlQ5WOIG8","C"
"qcu7AoV4Ejny","C"
"qOekzq8a9gBL","D"
"qsVB1qnE2osd","C"
"q8OzfyzScfT9","E"
"qcGjdsE0f8SJ","D"
"q2z2rb4B7cSD","C"
"qRtBRKRHQTjf","A"
"qva4vhXS5FuZ","C"
"qDjK76KiiNCk","C"
"q97WeQuErdCH","B"
"qPkraiLj9to6","F"
"qhQwIXBPlWqB","G"
"q37CpJLiC2iP","A"
"qDYg42qkQxq6","A"
"qleL6CaTT3rC","C"
"qRwpCggAB6KW","F"
"qnUOcikMkTnr","D"
"qWYypZ4KB0c8","C"
"q2wO1CBBAGvi","A"
"q7mZgw09DHmw","E"
"qn1yjDfzvGX2","A"
"q75iUoKQ1cWU","G"
"q9wlFi3M9nWI","D"
"qhm7HH1nLzfO","E"
"qRWRYgHhvHgh","C"
"qohowCNDiHoF","D"
"qEYWs4QgrvJ8","A"
"qNrxGx7qrnEa","F"
"qbNxBJRGNA0v","G"
"qq9GYEF7VuP2","D"
"qfVQqTCmYroS","A"
"q4K9a0Lrc0sP","F"
"qXBo7nBXMmVI","B"
"qYhCzteZfr0M","F"
"qmSQJPQK65uj","E"
"qBNqTv45C7px","D"
"qDqYlhymcazx","C"
"qnUozRNtXpIx","C"
"qGoFjwErch1v","G"
"q0hyhaw1tXLx","E"
"qsocZfPSgwgI","B"
"qlcVHV7MMZCq","A"
"qlahdEuC8woN","D"
"qnAnNYAiNPzR","C"
"qE8KJUw5dYpi","D"
"qG47UHTYXqSN","A"
"qQgmwSyzYjRU","C"
"q71kloh9spj4","A"
"q9Q0NFQVEpE6","B"
"qGlNhbQF9uqx","E"
"qJ6YUCXIFSVQ","B"
"qOvcTYk31xOu","F"
"qxTvBiN1lVGB","B"
"qjTBNv3RNzDE","C"
"qLVkHVo4swRR","D"
"qXsYkec4CdL7","E"
"qwp1DYbEDwXl","C"
"qyEGKHiJgsnG","D"
"q5nh8LZyLoOz","E"
"q7V0Kyj4fiZh","F"
"qXrDIMBKFHWn","F"
"qx7vttK1NHau","G"
"qPWfBpnppgTD","D"
"qBrWZ09aqUdM","G"
"qoKs6v5bm0X9","D"
"qDtsJ5cbJcT3","A"
"qWSRrs51HZDo","D"
"qIPdDtxTo26s","G"
"qrHH3Na7UTX1","C"
"q2AeICtVORjv","G"
"qsVpkKGiPQuj","C"
"q1fwjbpJCBin","F"
"qPt3Hbfb6Xb2","C"
"q0i6hpV50645","B"
"qbM8Z9aBSd8g","G"
"qX1TGqEgpmVh","B"
"qh37rEsoExSM","G"
"qCIYak8cE5vR","F"
"qnKdnxmIjpNz","B"
"qmBBqtrOVL6u","B"
"qlSEhyypgQWl","B"
"qc60APxRDDgm","B"
"qgDD543K2V6q","B"
"qt6hT7tWZWny","B"
"qPsZCcEYB1xn","G"
"qHKxNNBqcNEf","C"
"quzvL7iB7D2d","A"
"qeA7hFQSFeAS","G"
"qHK1bcxiy1MV","D"
"qVdTC2iHC9ns","B"
"qMswQwZaGQKz","D"
"qOMzNJFoR8h3","A"
"qoqI6DN3BEsj","B"
"qyYW8R2xhXTo","A"
"qdfzqxvPBJFG","F"
"qG5Q3SaaKHLh","A"
"qajPXsthqAl0","G"
"q1AMXDwxmd4E","A"
"qTillF6wqvtI","C"
"qWM6W4eS2ZZR","G"
"qJhy6aqQhQEA","F"
"q3ndThTDdkFN","A"
"qn65hbYKVfqS","B"
"qeULgIrxESt8","D"
"qdmef4oqtp9H","D"
"qaOxH4A0w2HZ","A"
"qp6e15c2i8xE","G"
"qukFs7EVooBQ","B"
"qh5Ac52tuwWw","F"
"q8gEAAnnXkI0","C"
"q7jxwpOyMAMN","C"
"qrTdNdMqpVwY","C"
"qeEZlT6Y9alm","F"
"qeHgYc1K0QqX","D"
"qktzeIgafBsg","G"
"qlsO2IOyMfFG","D"
"qnk9i7hB4IjJ","D"
"qORehxNPWLZW","G"
"qTaRqyLJT4lI","A"
"q5gVaWBZKVFf","G"
"q1rnt69JZc3Z","E"
"qxaFcmKbs51T","F"
"quCkmQ5NPZIc","A"
"qAVoIPBrxUmm","H"
"q2Tdb3FCc3fN","B"
"qDHPamdNmH3F","F"
"qoCREAPBl3IE","B"
"qc3KQuZtAEQS","E"
"qRQGrIacjAmD","G"
"qA0A0fbqONvP","C"
"q9v4Qv6RmSkY","D"
"q8jQp8n9j2zv","F"
"qMWTWetnZ5x1","A"
"qhZrfbwgbnHy","D"
"qbmRGK2sIlAD","C"
"qVtONGloRsAr","F"
"qOnqt19AU0BF","E"
"qPU8dVLgiqYU","E"
"qRJ7rRPt7Evg","A"
"qzx8imjWxMS7","G"
"qVftGoIqx99C","E"
"qJilUc6H8cGZ","A"
"qlqxNFLKrhLc","E"
"qepVIyHg40X5","C"
"qz63SiCVmd13","E"
"qPHk2zsGgd3z","B"
"qEynj0coy3bb","D"
"qoMZU9r4braj","C"
"qtLZi1oZ6Xg2","C"
"qhViRdpx0rhs","G"
"qGpl3CFIPn8D","C"
"qurjq628b5Ww","G"
"qLeCh2Qac8q2","G"
"qhB03WWuPnNo","D"
"qVVuP5GKKpHm","H"
"qLMuSYRqPVBE","B"
"qRGnk4ArapVB","C"
"qVKmsp7Rs7zk","B"
"qk1yKc0Cg2d4","A"
"qnsTZcfYVLRm","E"
"q7OmNC2dsbDk","F"
"q548vvX40xMA","B"
"qyl2shcLpDNN","C"
"qpIVuJICZTZx","C"
"qcPl9cxqfUFs","G"
"qiod3VGOiIif","C"
"qiOOTLOhXaQQ","D"
"qT8vudDlWVhN","D"
"q5IP9DkbUxm3","E"
"qOWQGsN8r8Ej","G"
"qrp9FarhCuaB","B"
"qE85Rw7T6Uqd","G"
"qrHJRxopOdAZ","G"
"qHPp0cxZFGlx","B"
"qb0hdoNCoJQc","B"
"q82Vqxk0K4Ss","A"
"qRbXF32tgmJE","A"
"qvCn7EoTbsR8","E"
"qwNF9j9DAzWi","H"
"qpM9Hg7HxBWv","E"
"qs2xL9XesWNY","C"
"q8fiViJoNcp9","E"
"qjwJP21QUJ8I","C"
"qBN5TcY0jTJc","C"
"q227s45sysc2","A"
"qpA7j7KpEiHX","A"
"qDwmjfv2SEPv","F"
"qsXYgfK9fP5X","D"
"qI4TAJBiHj42","G"
"qXBE0ifVUp8V","B"
"qG7sYZ5XcB7c","F"
"qZ0ctEqLscDK","G"
"qFAa5Kqm1QQN","D"
"qa26mG3dGxJj","F"
"qFyFGaNLeSaf","C"
"qJ6WBImOLS4v","C"
"qyRzPoe99s6E","D"
"q9MzYdB4rOOH","A"
"qFA5hTW5UGZs","E"
"qZgHaaBSFt8u","D"
"qwBUNYmwNsK2","G"
"qINIX60F0I7U","B"
"qKaKi9fcdeTk","G"
"qreVayPsoJz8","B"
"qkS63ZIF0jp4","C"
"qsM7TC57mWEx","B"
"q7BQEXk2KrEx","B"
"q896SCPlMblx","B"
"q1j2RXFfYoTh","C"
"ql9qYs2TVwTg","A"
"qizhzbTQ5COL","E"
"qmOdHVqoVvWe","F"
"q6fyvX86z0fG","G"
"qGT4zUCdZC8u","B"
"qAeOs2UEtCVI","H"
"qaBr0jHNQudM","G"
"qdyQRgMaHA2T","E"
"qxfXtV32LyyV","E"
"qrNLwZu7uNQt","F"
"qIUJnNTR7Wid","A"
"qvFuPY9NfyiG","C"
"qZKqecPLVw4J","F"
"qiF5iBUzvfl0","F"
"qSnESDUiiE4y","E"
"qJgpHX0sqyzV","B"
"qLhA1YbiNSM3","B"
"qZDTPT2CmcnP","G"
"qhgF8qSCqnhM","A"
"qBfs9iZWriiO","C"
"qzRvBdQaBqjx","A"
"qSePyhFEvlS0","C"
"qOXEPo0OLTjY","D"
"qBFghW41pDEI","A"
"q1YR6JNwj6Tv","E"
"qdJmDfjNhwgk","D"
"qyfgpHhVYphg","C"
"q1ubfnJ47s3f","C"
"qJc4ZLqDjtNj","A"
"q76Q14SU0woR","C"
"qZgnC948UvHo","A"
"qaK9Kr7zfWup","D"
"q330QTYBIbkv","D"
"q1uulSfeGF5t","D"
"qUoXbhVLbQuS","D"
"qVnRy0vf3h57","A"
"q1ybizZgdQTt","F"
"qLVoeuAIdvdH","B"
"qHjy15v5wQWZ","D"
"qtILImAJd77U","B"
"qQDDFMQGzMuG","G"
"qy9yoO1tO8s2","E"
"qE5jxD7ME3Rm","E"
"qZHPh2KutlDY","E"
"q1JDqBrHClGS","A"
"q58RihSzQbt0","C"
"qNAGKBPdjQte","D"
"q3EnR0ofkFYW","G"
"qvHUeuMht3Tk","F"
"qf7ERSgSmE83","D"
"qZIdf7fjWL0K","F"
"qyo9w50mmZgd","G"
"qKdGzfkC6dEf","B"
"qX9sMUReYzWL","D"
"qxXqITT0qRpW","A"
"qbgGok6JL3H3","A"
"qYS7GC7JG3bj","A"
"qX7IhgPPLOuh","A"
"qcyUYm3aZOs3","E"
"qydzse0yzxzc","E"
"qRpXmiEqRqH3","E"
"qaC1rRlvxrrG","G"
"qlnqx4AXjpeZ","C"
"qsCfdXpBm9kL","C"
"qUKkbRMQtdhv","D"
"qQEVSa5ZXc8p","B"
"qf2hLHjQOsx0","G"
"qGBPOjId5W2c","G"
"qjDU32hXAdJx","E"
"qyIIXtvzaiC8","B"
"qEI1BeR3ch4o","C"
"qtrTHNSuJiEb","D"
"q9nMmCtb4mgB","B"
"qUHUBf6FUERA","B"
"qstHDTpzcmtI","C"
"qATSgCKLXeMA","C"
"qfQJZC0DIazx","F"
"qvPvjMTcxcaz","A"
"qzfx45uaaawt","F"
"qYn2DhGV5ReK","D"
"qhILT0IKrkM8","D"
"qIFxnJAT8lj3","H"
"qT8i9cwbFHCc","D"
"qTK4btZDtw19","A"
"qH1DaFV9MvD4","F"
"qE4qSxWes0Ke","E"
"qsyhcv0L6GqP","D"
"qGByynnIbSLV","G"
"ql7bcFlhYHVp","A"
"q9O512ttEOB6","E"
"qjNfHlNFRJmN","B"
"qq2RdgabuNLE","C"
"qVKq9nq9T8Rf","F"
"qUzgAddi1P12","G"
"qfjP9e6Pl8ST","B"
"qRWqGxN1qtTT","F"
"qV7VB1M38fAo","D"
"qEALwRZLwBCP","H"
"qycPmMmxqOk5","B"
"q9cQtgPrCo5L","E"
"qIIwZqMETYeK","B"
"qvQkVKABervm","A"
"qnSaq2hA0Vv6","D"
"qB4urTaKfAx7","A"
"qhXWDXPSg0oB","D"
"qb1F1dPlt6yf","A"
"q3yT791GWDKR","B"
"qtZAbHcvU2K0","H"
"quX7PYFIcL3s","C"
"q5mmL6nyFN2w","F"
"qDxKSdW99KwM","F"
"qDnKwCml7CsO","D"
"qny73IBbl93x","E"
"qdOwq9SCV14y","F"
"qRamLd0oLtEK","G"
"qnPGEcZecvjm","C"
"qYs4txvIci4U","A"
"qvYRQrSbWqtO","E"
"q9b64Cm7JLpa","C"
"qyTwJiPoZUcI","B"
"q64LdU7ymW7S","E"
"q7uMcY8Ue40w","B"
"qJyFQH3SU6oJ","B"
"qVk7AVfMByPk","D"
"qBKQm7vMt5K5","G"
"qPDQN4ohqzWs","B"
"qDRWPPucgn7w","C"
"q5fv2xpE14zA","F"
"qBxVopcyB0GM","B"
"qniiGHuNIPzM","B"
"qQGfMInzLzvL","F"
"qqFsm8nsiE4s","B"
"qM90EJyUhqN3","A"
"qpIjx4KsUiXM","B"
"qUl31g8tc5tY","F"
"qYgF5NHGaDor","F"
"qkVoj2ruL08D","G"
"qK7HHJ2PpCkG","F"
"qnQ5xaApTqU4","B"
"qCugrHV99zXP","B"
"qNxhvt12MEW0","B"
"qHUPArjiOESi","B"
"qWSNpZ150QEr","E"
"qJj2QwRzs6Za","B"
"qEifuPwWom1p","E"
"qAFuYUSgb6CJ","E"
"q2L3PHJfrCsU","C"
"qvHkMNjyvnTQ","D"
"q72ibaWD7tdw","E"
"qfAuuCYWacWu","G"
"qbhgD8XivIFQ","D"
"qOH2tokANVRh","D"
"qct6oF7a36U1","G"
"qT9iDsxQjNui","G"
"qnCVMCEeSPlT","D"
"q8jEI369PDb5","G"
"qrniVV7SCs2Q","B"
"qrB2Tu2fIk0L","D"
"qQlS0ecjolrI","D"
"q8SdCSIcUnsh","C"
"qcY0jqgGo3uW","D"
"qaoxwW8WZTV7","C"
"qCmtiTEVNKKF","A"
"qa5Loqd9y04Q","D"
"q3rCp4eBSA72","B"
"qYLLHYKQAPkh","E"
"qyrKjmKmLlYQ","D"
"qvjdp4Pm3Vxh","E"
"qLdfJjqaBC4b","C"
"qgPMxEP3Mpqu","C"
"qzAiTVPtji0b","F"
"qJRMJ92T5R3A","D"
"q2ySrc0v6C1O","B"
"qAf4flzDYOyd","G"
"qVMTT2sbeK4x","F"
"qdky7KtZHrwZ","A"
"q5tcf6TvW2fy","G"
"q7DHWlohEMlV","E"
"qV7IDQQ9IkKk","F"
"qTNa0OGxFW6Q","D"
"qCPuJVjgMzMX","D"
"qyV0OErxB7Ix","D"
"q5hi5SDWbFMN","F"
"qDsUdOISEgpR","G"
"qEKn1KBTlLM4","E"
"q13a97xLupI7","D"
"qzjDlaKd4sbO","B"
"qtrs1rE6lOf9","B"
"qaRW8F4rz9b4","F"
"qQviZ8YGH0wt","D"
"qskrUAsw0xY7","D"
"qNelTYfVJnlh","D"
"qUYcY34S7fGz","A"
"qh1szO7LxCao","F"
"qAfFV3jjreV0","D"
"qCQXcpsXIcnX","H"
"q4FhKkH9AP1P","H"
"q2r6WfpeXAoQ","B"
"qj3znmxkmKlj","E"
"qLCs0MX4htgw","G"
"qCAguGu9dcju","A"
"q05xhyU6o0i0","B"
"qKG9iviiNEUn","D"
"qErlSJx5jqzT","D"
"qULGBuVvg0IX","E"
"qyS7SbOzzAwC","E"
"q5p4GdU2GulA","E"
"qtT46GjaGrx1","B"
"qj9uaYHPnuXv","A"
"qN2HPT0SD2Fo","G"
"qoQWpLfAhI2G","E"
"q1dsXOTMeScG","D"
"qib7qwIHWyS6","D"
"qJGw1R3iLImv","A"
"qZyXxtHpyeL3","D"
"q6j8jYXqB6ut","H"
"qWqZ75x2WZYn","E"
"qvEPaFnBjaaB","A"
"qH7tYmjbAHXD","D"
"qinemqKJQvZP","B"
"qGAA0i4mny3i","D"
"qE35pTcZRlax","D"
"qOQ4tnHqVtpr","G"
"qiRECdR01jnt","F"
"qzt6s579aM0z","E"
"q8gBWynKklF1","B"
"qGFuyGmhdqHF","E"
"qcn7Jo4Brr2W","G"
"qC5EJb22BViP","B"
"q8vu5VNruDR1","H"
"qZG9pZsFIfw1","B"
"qEFgjMfqe5WH","A"
"qLtDz7XUy9mr","F"
"qjBHBfcvCx2i","C"
"qDTR2oLKYSVc","G"
"q6UdGloeSfKR","B"
"q8vgDDqS6Gfv","D"
"qpKwfd85OeOo","D"
"qcOgJmA7WLJB","A"
"qFhbKQH8jEPd","F"
"qmpjT6nfNyIp","B"
"qU4ezOfClVAc","D"
"qI9JcyAXNdZz","A"
"qXaHosjTQ7R6","F"
"qTCY7QwN0uCS","C"
"qfl195HRtSlJ","G"
"qUxbrP8HP5cn","G"
"qJMaUtCiD8Qt","A"
"qzFKfnUNaxs3","D"
"qOKB3WgyG9Ve","E"
"q2Uf24yJ46JN","B"
"qcl7eybIItwF","D"
"qMyLckTAkXqs","C"
"q9Te5Ej7J6Aj","D"
"qkSqAVH5xb3b","D"
"qL5PFJHr6nQm","E"
"qHe1aSnIoH5d","F"
"qLmIjwIaDWOe","B"
"q1qlTEGCQpIh","G"
"q6GzefSWaFav","B"
"qhD1qbrkT4mi","B"
"qVzrxeApi9MS","F"
"qbABKlQBx2xY","E"
"qWKaaGtOcwgf","D"
"qYXB1PJlXWjY","F"
"qDyKXEZpGvwX","E"
"qQaRllMAUrFW","G"
"qjvgsn6dDdK7","H"
"qisoyCHB3sTo","A"
"qGmWcWV8Y6Aa","E"
"qNrJRsE1yCM9","E"
"qIsljB8F4sSB","D"
"qZ7HYSL0IyeM","A"
"qIOyGV4Kgccs","A"
"q20moneOd47B","A"
"qY0rptZgXShr","A"
"qk9ZDnmlYL1q","F"
"qa3hOimBAeeV","C"
"qp8Bd5SmOQ5m","B"
"qrNIAK54CGcf","C"
"qm5p81ZrMKzo","F"
"qqOwQprgLECe","C"
"qPOg8JkCm8ny","A"
"qBash0HqKwMR","D"
"qJh2rO2qQBUe","H"
"q4AQnxiClyMx","A"
"q0DMIJyuXI8L","G"
"qtHtpYKosCET","D"
"qdYZShQIKLFL","A"
"qQER6mYbOPmr","F"
"qedRJ6Lp8vSQ","E"
"q2sFRr0yzRuq","C"
"qdXOrYZyHu9w","F"
"qZ9YoBhoG2wC","C"
"qzzKgDVq31UT","E"
"qo3WO4XL3Tdv","G"
"qdtIAW4N1p0Q","E"
"q0l0QM6NdRvO","G"
"qQmqkufvZyU7","F"
"qScZ9Ww9uqAh","F"
"qg2NAMr92mtM","A"
"qoCSQtErKI88","B"
"q9bw43xfPg0e","D"
"qlYSF96FiwyP","B"
"qFKmyP05SRXR","A"
"q4GGFFTHeIBA","B"
"qd9qEgELVKfv","D"
"qEh40KcYvcpj","B"
"qK0xLYyVEaL4","A"
"qGKomFd7yQWh","C"
"q6saItMeiJB1","E"
"qnUAcqxzKJVi","C"
"qh2rylHzWQc6","D"
"q4isvC53xphx","H"
"q7Z6UyOrKCZd","E"
"qu78YtqFAizf","A"
"qssZLFedORX8","C"
"q011bpfnrzhS","A"
"qmkONlLJWqJx","D"
"qYhB2YjkUhx9","C"
"qowbtAppRVFY","D"
"qRIEjIM2sjvz","G"
"qNs6jU2iPFF0","A"
"qHtdJb51osn0","C"
"q2CTNdyPf4WK","C"
"qRIivkeKQqNf","H"
"qiU1VGAsFJTv","B"
"qRRaTulel6CR","C"
"qbCgbEgGPmev","G"
"q6i4NegUvakJ","D"
"q5cLEuGn48Ud","A"
"qL8pyiKaHQ1d","G"
"qKmCRn9hYf2M","E"
"qIVUuW458If3","F"
"q1RGhTtCz9tG","E"
"q9NOqB99KZ5S","A"
"q9wSXoWtPhL1","C"
"qdS85QLPgscN","E"
"q5mAlK7o871o","H"
"qntpTiTWt409","C"
"q98iXGSacKiI","E"
"q8UXST3LZVcL","G"
"qgcFXlWt9a44","C"
"qLWAYFZaNjB2","B"
"qiTwDemIbVNX","G"
"qDpyLwi7WdJ6","D"
"qXQtBhr7V9Lf","B"
"qUCq1XiYvAxx","C"
"q7WfI6BDQLOE","C"
"q1R582SSjH6A","B"
"qikCwFfKTKHh","D"
"qRaevnthOnoj","A"
"qT8jQdHJ7Z0Q","F"
"qJrfDdoJAKON","E"
"q7wghYZhY4V9","D"
"qt1tgATSRNnj","C"
"qTO5Z2TlXNXM","F"
"qNpxcdsvNJ4K","A"
"qaLdNNHLIMVN","D"
"qWaPWD8OBHm1","C"
"qAuGwmPY9fvY","B"
"q9t11hDTl01H","D"
"qhl9JrmuIuRr","D"
"qVIQYJgC1HVA","D"
"qxLSoTS9Zrqa","H"
"q6ht1jq6DHxZ","A"
"q0q1XUutWqRr","H"
"qWxhTQDhacpq","B"
"qgZ2d9y0IDMq","C"
"qlUBMZbch1xi","B"
"q2LQNitfwZbM","D"
"qsntSHIgQ09I","E"
"qsvFl1fK2pOD","E"
"qWxxeKtVhZRb","C"
"q1QpFbRo2Ktt","B"
"qn5UvgWQ4P0r","C"
"q71F8gazqwrE","G"
"qitfIvNX9JlP","C"
"q0Y0qvjO9uvN","C"
"qnYj41IOIsYs","C"
"qA78mlG2mHmj","B"
"qPJSzdsrDsbD","E"
"qMDhxmvD6NUr","C"
"qKzl04Ap190u","B"
"qpvQBffjFZdE","D"
"qnpGaFMWvlgc","E"
"qWsz3UxtQ45u","D"
"q0k6Of7ciUFZ","D"
"qmW26sc4RaaG","C"
"qCg7DBP8bg3H","D"
"qYU5iACGrPOr","E"
"qDm5EtKeYRPR","F"
"qzcsRasbzN18","B"
"qcAdLhhlyUUE","F"
"qMroWwAP7D7h","H"
"qWvUp4LQiWKI","F"
"qNHPMGRIDCrf","C"
"q4No6jpcen0P","C"
"qrGEAb1WSmFC","B"
"qs2sUyaXTEnP","G"
"q1GTekjz0U2s","A"
"qkZGSLj9pkXZ","E"
"qQ5xjg6u2lzC","E"
"q85QAEmcPxki","D"
"qzpX5FT0wA3R","B"
"qbEL9GLG42wP","D"
"qs4DuKnn2lrz","F"
"qGpnjFrlwFLs","D"
"qhFKnpIpo5pk","D"
"qwiHfkGUXDRp","E"
"qQCv7yDkiXIj","B"
"qq85TG6HmMuG","G"
"q1ijOcw020kp","D"
"qZ9QdoV6GdLv","D"
"qfqWyekp3Qbv","C"
"qEhgtXpf0tWn","E"
"ql74vAoUUxCM","F"
"qi0115yfwV8B","C"
"q7vIiNxgNA1D","C"
"qzzkogxOkU93","G"
"qupx3kM7TUWM","B"
"qNJVa0vsSS3P","F"
"qVy2N58UildM","D"
"qy5nzTT7e1oH","B"
"qHxRqcHTiQwP","D"
"qw69q6Ymg0XN","A"
"qLTRD04vdGcq","B"
"qZ3R4WS7SbMS","F"
"q0Fy2MoiFQAy","A"
"q45cTZ3l4ImZ","F"
"qJhEXqdy6GK9","C"
"qMweEP4BRVzH","A"
"qOPo2iDRMIcD","C"
"qN475qwofTbJ","C"
"qUJmcljoU91F","B"
"qekgOQ9mi9gp","A"
"qLIN1prwckAl","E"
"qGA6UsIQpyE5","H"
"qBdVdgF74Hyc","G"
"qpl3PJFDYDhs","A"
"qfNbMGhXPaGx","A"
"qED4n9dYWf6V","E"
"qdx7z0ap5nRD","D"
"qTn1echIt5Sr","A"
"q6vKnM9ZtNd7","A"
"qOBygKh35dZI","G"
"qz3FauSovTn4","C"
"qLcAp8oRNSx5","F"
"qnSVybzSaRTD","B"
"qAVeJVwIwA7X","D"
"qBs6EZh9bPv1","F"
"qW72ZFnRdHTw","F"
"q9cqU0JUhP1V","F"
"qMymqU5nEZSF","A"
"qLAvY3uEyzj8","G"
"qea9yJxD97YP","A"
"qVEe8bN38AkV","E"
"qk1EaYAmZINO","A"
"q9u7SCzqwZkk","A"
"qBGVGD1LS3im","C"
"qT0OI8EQMW8I","B"
"qdcAYAegn6iz","G"
"qz3ouLYK22o8","G"
"q6vyJ29yPqAx","F"
"qquIiuWh9BWH","A"
"q9JL0i7uiNh7","D"
"q35lYV0vpdgF","D"
"qmQb7EVM7mpt","B"
"qKnteBu5QYNg","C"
"qL0eulZsRVUH","E"
"qqDC7KbEpfLG","A"
"qJ0dVreRFPAJ","B"
"qszcxQXWvVKP","F"
"qYQ5sWb15QVX","G"
"qYhYAwjTFxUn","E"
"qq67OFcUkxcc","E"
"qzmqYTuVucbZ","E"
"q1uaP8ymIqWA","D"
"quugnHXs4lQk","C"
"q4OL1IOF1K7X","G"
"qAg8kGvmOcJy","C"
"qU1WB1GmOtOr","B"
"qRoDxDxFNDgA","B"
"qa7H8aW6vtUS","G"
"qUHPDS3lrfHq","A"
"qmFAWQam54sU","C"
"qiGEsBbnHKOt","G"
"qBfrbqLmDkWz","H"
"qSxZtwiLMTl1","D"
"qGDzgP1EAORH","D"
"qmxh5FCWBY9D","C"
"qzJtt4vHpkWr","B"
"qYk3f0Jwx2GJ","C"
"qxElWBqiDWjZ","B"
"qHv1bNBvlzHa","C"
"qYCezXORu1my","H"
"q7Ly3pgEopzH","A"
"qtda0oy4g8t8","D"
"qphzOSUrbO52","B"
"qa0yHcOdP7aO","E"
"qqSFhCFTPfRW","D"
"qnb7N5YXCVxt","F"
"qPJnBh2f9J6H","G"
"qLQbfprACPML","C"
"qAQqPMvK25gj","B"
"qlRuUMj86MVG","G"
"qHuqUSkptQ9j","E"
"qG6liTAnhp19","D"
"qIGZfq4bKX8O","G"
"qsS0pHgkLL8z","F"
"q24PEW13KJrj","B"
"qmUbYS2OEzvC","A"
"qWsJZwaSLNFl","H"
"qadhQoloHTjW","D"
"qULd7cqld7Ix","F"
"qILH4fadsb7d","G"
"qddJ4MMnIGgj","G"
"qqH5vlU8xa2m","E"
"qFkvcdzI7TV7","B"
"qJIga6RB2Eo0","E"
"qDlXu1EePSJq","G"
"qh9A7kZVOm6j","D"
"qdBDZv8uPlmn","C"
"qCkZ58kGSK8P","F"
"qDB2tq31O5Cn","F"
"qlXDbaHuFGoZ","C"
"qSQYgqwfzPHV","G"
"qRggaFDB1WYu","G"
"qPsre7XV4eeE","F"
"q4RenRLcDlUj","D"
"q9t14unNKI4Z","G"
"qJnbgBDMJBcM","D"
"q77C87Y85rPy","C"
"qp5xkEGHFsNF","D"
"qRbwGIvfeoI3","A"
"qWTdLtFc5xnO","B"
"qKZ9tjRs7sUw","B"
"qCgGqjt1TThg","E"
"qYVbNZDhWfay","A"
"qhYwljck7JcZ","D"
"qU1paK2V60iI","F"
"qMaPRLpYU3nr","C"
"qCU3E4AlEzNs","H"
"qUji9ARjtnYY","A"
"qQadPumGzkpr","A"
"qi66xiYNFuQk","C"
"q7Su0V9F6PPS","F"
"qKAYMN37jotz","D"
"qQiH89WKf1aI","A"
"qkliY3ao5far","F"
"qvTNLYpHE3ju","C"
"qj5OrqGleivE","A"
"qnZpb6jGOYkC","G"
"q5JqzVZXeZwZ","D"
"qaKacjUaMn9q","D"
"qep3Ml9OLFig","A"
"q94Gn3fJwwBD","C"
"q4hJ8ks0xY3g","C"
"qmhnswxBnSJM","C"
"qx2ozlJhIX9q","F"
"qmG3Fi2nul2B","F"
"qvQI1hJsynOo","C"
"qZ7nXvSmRUDd","F"
"qT3ELf7rV420","A"
"qMFqtIdlCB70","B"
"qguTh1ZO5X40","D"
"qw5TEodvDTfd","D"
"qnmouYp0hoJw","C"
"qExrnznjsDNX","E"
"q2c0PFKA8RPI","C"
"qgJQ4Wo8vUoJ","B"
"q769Let5oUgN","G"
"q4FvF9maQ2ms","F"
"qwgaVmom4tq5","G"
"q8n4ty9Xg05a","E"
"qv7Ehxj6b6UF","D"
"qKUoBuNSokjE","C"
"qA57c7hHFtVO","B"
"q3Fl8ec6pIzB","F"
"qWVyyJjq99Iv","B"
"qhpAWKFmlUT3","E"
"qy2HNqAbaQCu","B"
"qYRVoU20M6Ba","E"
"qp9sDZEJTmU5","C"
"qK1KtUmZjuaC","E"
"qCsnpLabYajc","B"
"q7XdUp3WU6lN","B"
"qCezxQmZXP23","D"
"q3hdNnKtpCgo","E"
"qSXgqrvkO7OE","C"
"q4pfbATTd6XA","E"
"qBK3nEpUrYB3","A"
"qFX2mSKtqS1O","E"
"qc4T5ydaZWHd","B"
"qiF1u7cN13lk","B"
"qzzHVvWzOqVs","B"
"qW5Cpzs1YPqG","D"
"qsrWk5681hvJ","A"
"q1gXCXJdVBIS","E"
"qDUPE2pwk62K","B"
"q3Iyk7BXQ8zF","E"
"qS8Vk1SRR0Km","C"
"qKHVzCeqQRXm","C"
"qdcsILRFx90y","E"
"qh2yf6p28JZP","G"
"qGijIocQZMYA","E"
"qP8NBBYBlznW","B"
"qs0stApjUeN7","A"
"qZf1oFHqapJp","F"
"qjsH71G05vna","H"
"qOeMyzY8CbrP","C"
"qqvdOKCmuqgs","E"
"qsK8E3BJ2Uqa","A"
"qowfimF6Qnct","F"
"qEQYJPMJNy6p","C"
"qe5KhlO5WHul","D"
"q07wEM7hJSaI","F"
"qoTPC0Fwwwo7","B"
"qpktjC9tNFiJ","F"
"qYtFCiruMO7w","C"
"qy34tBYjdxkr","F"
"qXWyUbZ7SoEp","C"
"qLHOel5xjMd7","A"
"q1cOcy2e17G6","G"
"qCjQH10xjx18","F"
"qHYyOBfONZou","E"
"qO7mMhnA7RUX","C"
"qjj9EaQGV8tZ","A"
"qVq0SdnZZtnO","G"
"qznFgB3dMXfl","E"
"qCLuxf81l1ZF","A"
"q4o6YduShQ2e","A"
"qvM1sWnLnQ30","F"
"qC1eT7gtn92s","D"
"qhs18ZVOVumT","E"
"q9JAFgWCjwX1","A"
"qh3Dq29ISvi7","C"
"qOJu54lydLEB","B"
"qMLlXyNJyNgP","F"
"qTFPCSMZCgh6","G"
"qKbyluuuwIRL","G"
"q9ilVwb5S2Lq","F"
"qoiBGb7GvqpD","C"
"qW7nBxP0syx2","A"
"qlGemCbvVmux","C"
"q6Dg8bdLO9GK","A"
"qFTDRZ8egcSF","E"
"qUgYrSx57Xvt","B"
"qQbcf7Pm834W","H"
"qGwHc8jTuYkK","A"
"qBD2dgxdTiHU","D"
"q9dCmLTh7vnq","D"
"qHKktUGpLQyy","C"
"qmLfoDzueTKC","G"
"qupvl5lYB5zL","G"
"qswDeCQsS8iz","D"
"qduL3xhGlR4t","E"
"qWKHYKzj5XSp","H"
"qv0l7eDbyGvm","H"
"qQNNHGzPEu80","C"
"qOBk7fHHnYlW","F"
"qoRWG3IPqp8l","B"
"qjdP9PFZ4CtA","C"
"q1pRqo07IQTa","F"
"qJCVw7oKNY3f","A"
"q2hugxD2EWxw","B"
"qNn5GxREUb7h","D"
"qzcl6j7k0dR9","F"
"qc9gVWandBYr","E"
"qG7vUFt9JsXd","E"
"qcrYNLucHwNM","A"
"qB2owf7TLpkQ","E"
"qNp3AHAdLAbT","F"
"qfNM0DyQCMAt","C"
"qug3nORS9k5V","F"
"qBlbKSRJo3p4","G"
"q90ttOvqNUnB","F"
"q4h2acc761A7","D"
"qQB2W8IEmh2x","G"
"q2h4DJNrAnlt","D"
"qG9pthKOcLjw","A"
"qi9A69rknqc4","B"
"qoGxIbtUQHN5","E"
"qo84L7fftG71","C"
"q0Ype4lM5dhe","A"
"qGXgoHJCow1V","C"
"qJpIHExJEHaB","C"
"qE3D2HHXOrg3","C"
"qWpYIZliq0kU","D"
"qQqhAXVz8Eaq","F"
"qm1WSLrrpJEK","A"
"qkiAa5mit4Ph","A"
"qCLVNpIsFuAJ","F"
"qNz1Pra3ONcP","C"
"qyyZtXNdiZHI","D"
"qg0TpUd0M2Xg","A"
"qCf6H1WsQbqk","F"
"qAHbXjVXbZ6Y","C"
"q9U33YafuEa8","B"
"qZtETeduCphK","B"
"qo5DnSEB8O44","G"
"qcj13gHvUNMw","E"
"qiVCTsgk245H","H"
"q6LvOlwjL8aq","G"
"qY54lNxzOJBV","C"
"qegxxpp9Xhpf","E"
"qHtuOPXNEX6w","B"
"qj4xWPyLpKqk","C"
"qzIAlYyKMMiQ","B"
"qZ04xkVJnEMP","E"
"qxzdV28ZWS5a","D"
"qYje7Z0Wai3O","B"
"qdIJoZUrwmHm","E"
"qN1NRPeB1Znn","F"
"qiZRpsYq3LPv","C"
"qEPCdqh9XQ3F","E"
"qgp9C2OGIvWh","F"
"qf95h4JuVpHc","E"
"qa6rFGuPyugO","A"
"qXzBeMKiOZmh","F"
"qN8yjYY0srkZ","D"
"qjpYs6R7XStO","D"
"qNgOAhmGf0GM","E"
"q2tuFvNS3gVy","D"
"q1fLIv9R0Rlh","E"
"qawJySrZK0Wt","D"
"qI4mfQ1HEQst","H"
"q9BLTdRvFc77","C"
"qe767W52IK4B","E"
"qgul6IM1bN8b","H"
"qe8kkoe0jjsH","D"
"qK5TKxJw6egc","G"
"q8pWDWrXEODR","B"
"qY0sLWKsVToA","A"
"qtuqaSlbPQST","G"
"qyGYFNvBOu0M","G"
"qq8kwK7F8gJC","D"
"qeuJ3UxMb6Aa","C"
"q1dN9OdMF5mg","G"
"q2KHrTk8XyXy","C"
"qm2ogIURmDhj","H"
"qyO3RmPi5UUO","B"
"qSwFDOwyiG1d","F"
"qMglOv6kTyIZ","B"
"qeOEpuuThV1v","B"
"qAfKnKv9KxGI","A"
"qTq7q1wVo7tf","D"
"qVcIf3RUbKpZ","A"
"q3NKhOMmSFoP","G"
"qVfYpNbfqOvA","B"
"qMhLD7k89K5r","C"
"qWdvK6oCfoCr","A"
"qZJ7VBf7zSzB","C"
"q54WDZ7erYsd","A"
"qHudljFOQNqI","C"
"qowZIxPmfMxS","E"
"qlsFQssDVdF4","B"
"q6n4IKUSIwX3","F"
"qYSaQFpr0b3E","C"
"qoH8wsMrpJ40","D"
"q8aM0DwU0vSW","C"
"qxJx5K0hUmS7","B"
"qDLdv6Cn4Kgc","A"
"qKa5cIlkcvL4","A"
"qnxBOegNKeOd","B"
"qItUrR6mHwpY","F"
"qi47rXtxk3OI","D"
"qit6JkbL2ToP","B"
"qDJ8WVsG30eD","A"
"qDk2tcX0JcKd","D"
"qHt4Oy4yTa4L","G"
"qfwXdYJhvDkz","A"
"qszJNFfHXYJq","C"
"qKpw673a9BOI","A"
"qCG2VeMsgn4j","B"
"q9fyPoQwwR5K","A"
"qHTzV9qTT0ZY","B"
"q5P3oOO3n8vZ","C"
"q4mXYTByTmS1","D"
"qngHZaSTD6KU","E"
"qLOwEnJs4D5c","B"
"qsNeKO7Bgy3t","B"
"qDlwmr7uwD7l","E"
"qja8APirIUHF","C"
"qyH9fgJ8Tpr5","C"
"qNzP7n9u4pV2","F"
"qtaEjLTUijsx","C"
"qlEd8ZDw7276","B"
"qG0e80W5F4p9","G"
"qHYoBDeKXNNe","B"
"qftrzJFdvt0F","A"
"qiHI4ME5IhFI","C"
"qyTRGFpv08ez","A"
"qGNgq2Xht2Cm","G"
"qEdJXUsc8KR2","D"
"qc3BKt3SKeXj","C"
"q3NIfNMBxlW9","D"
"q1RYdQttd3fB","C"
"qpzdqwZo1U8Q","H"
"qlPLslMURcir","E"
"qAefuWiy4Inh","B"
"q8f4g676cqet","C"
"q5Ax3YVtjco0","D"
"qEqffcbIsQCu","C"
"qeFyw2MFaWpN","D"
"qsFTW6iVD4bw","E"
"qesFk3kq3k4L","E"
"qM8DgH8enplf","H"
"qj1EMSsh9Fnn","F"
"qexqYJp6VoK0","D"
"qgsDubtZO0Y3","E"
"qrFKdMifazpa","D"
"qXhvxReGVf0J","A"
"q8F7QP5gdYwB","B"
"qOQZgSckVcMC","F"
"qQlfFhUAAyhX","H"
"qULBhFzAeu6S","C"
"qjOGNHVibClK","B"
"qnmtu1Kq9Be0","E"
"qJGJikS2tATp","A"
"qF9ORbLJZkp4","E"
"q5Cai8tEkzRA","G"
"qCxftmGeVwoh","E"
"qXFOgH7nvEop","G"
"qxkzKDPcXZO4","C"
"qgljdq7as6P6","G"
"qiwUOEVlnYl4","D"
"qu7rCyMVX9Lf","E"
"qjqKN3tbeNmZ","E"
"qOpBNTLNUuuP","D"
"qjrmadbxuRoZ","G"
"q7qUOT2nCxdR","F"
"qdWV8jKOncIe","C"
"qbIdbLPLKDP2","F"
"qnAu5SZWLyPS","D"
"qnSOWdO1IRyL","C"
"qQZdHA7gZQeJ","G"
"qMwfoghySwju","A"
"qwBdkniXxGWz","C"
"qwwnTo4N2oV3","F"
"qjtaEUUdP9Rg","H"
"qNn25ksRqUTU","B"
"q2u2BF4aWuG6","A"
"qKyMJyd6JGlw","D"
"qdKA0TR1Ub7t","D"
"qu33jP3u9fyz","H"
"qxnUz8qaxnf5","A"
"qIBqo6nsUGtm","A"
"qdmSbt7EXX2s","A"
"qA7zre2JfIFb","A"
"qN6bzd0DhTcC","B"
"qGbLbPhqKxBD","D"
"qn6TTbmJ9ipi","E"
"qcm4KOwucG3Z","E"
"qvRgiomZM62m","E"
"qlFsdbnxq8ZB","F"
"qgL54ornA5Pz","D"
"qWPE5z8oPk7F","F"
"qN8ouyQGj7B2","F"
"qrZX0EL1n0yL","C"
"qCtkDvykm48m","E"
"qoCIA0DFFj5W","F"
"qzEPzXoCAre9","D"
"qll19JCvfs0i","D"
"qbPCZshSTGh6","B"
"qQL9uyQadXXp","D"
"qFx1q2MCJrgx","H"
"qT3LsggqqM4e","D"
"qadbGpHNXZ2h","G"
"qIVCzNTWluQA","C"
"qWnED9XOPlls","B"
"qtBrVbzxJCN6","B"
"q5vWadjzAUfZ","D"
"qONAN8Belhvi","A"
"qwKK86m747Rp","E"
"qTqT0ktDHZLF","A"
"qHYJdE1iaqVp","D"
"qMj781ni32P8","A"
"qxRiRK59cjKv","G"
"qlKUcC2SJecJ","D"
"q1gSywjeMlp6","D"
"qr4bYARWtMfF","H"
"qmyDBhp99uKS","D"
"qGzf9Fhk4uR6","D"
"q797vhCrEc2Y","G"
"qGp8frnkHPRw","E"
"qCeYTgUadEUV","D"
"qSxsIIZEp2Pi","C"
"qUEj3tdXOI4V","F"
"qbgoC601nmZb","E"
"q0oE26H6dovW","C"
"qsFMb2F9o6Xk","D"
"qzurlw3Q4hUN","A"
"q5XvoIhbMUl6","B"
"q4J3SlpDyfPe","C"
"q08tucOdcidR","A"
"qr9RpCuGbYrs","B"
"qQzGsGsCLJyD","C"
"q4LFV9X9JTqM","G"
"qJHHH24Rmyku","A"
"qNYu9ceSlk57","C"
"qvIn39iRl1Ci","F"
"qj0po8tKIIOG","G"
"qTnPEacqLErp","F"
"qK3rXz8SYCsE","B"
"qePdidMAylnR","G"
"qIwCbGfkOmwd","G"
"qNapmQTnr0Ir","D"
"q5At5QFveQtE","C"
"q4SxoFfWDGNS","G"
"qfQOoYsEEJfl","D"
"qATzGnGYXba0","E"
"qylzgOMDX1y5","E"
"qgUxakYwisiD","E"
"qhyyH9d6gyTb","F"
"qYRcd38m68re","H"
"qhLxEUj5fhMl","E"
"qB0sdu24LJpA","A"
"qoJLxvuXtRAU","G"
"qiBCNxRouNA1","E"
"qAA4vLHc7K2P","A"
"qhLxMCIVYVZX","H"
"qys8x9HQY20a","D"
"qCUca0BmIFW5","C"
"qSf7l4ON777z","H"
"qY14IjAsoFw3","F"
"qNb83nJbUStW","A"
"qfPLVZxN4VKU","B"
"qFGelXT6dPWt","A"
"qRh1X2x4xS4B","E"
"q24B4HmDBesK","F"
"qZ6QAjpp4D9r","C"
"qJnqBdsJiZQn","H"
"qFTRfKP1xsO8","C"
"qEmpA3ZVB0bf","F"
"qGrRWYEZDMSi","D"
"q7LSlP7TIb4y","A"
"qgMwhqbBU0E4","A"
"qs3aGNLuVHWZ","D"
"qIowJyOdXctW","C"
"q3Fwi8cP1nN7","B"
"qJNKDjh1ghC1","F"
"qtz9U0ENzofs","C"
"qe7YIoovWa9o","E"
"qRSQkbalvyqz","F"
"qepaoL5soZ6p","D"
"qFM6FuJH1mDv","C"
"qz32fc33QpwF","B"
"qraljUis5vsg","D"
"qTTf1NR5EruP","F"
"qYYklWleoCq2","B"
"qpfy29TN4P0d","E"
"qml1Lm2hDZYv","F"
"qFTpAKayGPS0","E"
"quEgl5jwakKv","D"
"q4QRirIGaKBr","B"
"qiFXkOwiFbh5","F"
"qwFWlMa21fxI","C"
"qRY4CqGVopxs","E"
"qJvq5CUsp9Fh","D"
"qox7ogWxftn4","E"
"qxvYgvAgvYoX","B"
"qfxCFuiskNQr","C"
"q4icyPfnnwk0","G"
"qcGvvkWs4OAa","H"
"qNPXkERbFoJh","C"
"qasiR1btW6xU","A"
"ql6UfegYMjWm","A"
"qnoASl52jeQe","F"
"qDECZZ6m16qk","C"
"qGi1KTEjJdR7","D"
"qYh3u3coA2bA","D"
"qbDiDfRu9NrW","C"
"qCOD2OGtRRTZ","B"
"qUxBpKzqr4ci","A"
"qVMitb7EhsnG","G"
"qBGdttVsnMle","D"
"qQQyRRtJJeoh","F"
"qD7iY8pbmu7g","D"
"qCWdBcIaqJ3J","B"
"qBexHt3ovpfr","B"
"qUQnXwrcVnxl","G"
"qOcLP4LIh8Q7","C"
"qb1SnKi45q9A","A"
"q6iwn2FCcbXn","G"
"q7WULUdr47ff","C"
"qMm2wQdCeBKh","F"
"qxCGKwpR3Cgp","D"
"q1EQ2kLHKVoA","E"
"qVyORhyEV8qD","B"
"qaJvZkXODNGU","C"
"qiOSw3PKjoOb","D"
"q2pTZKabJba6","C"
"qDoPzFeC9hMo","F"
"qpGMUk8BSUwK","A"
"qHJJX49K5A9Z","E"
"qdyPZzWGXpiU","B"
"qhIJdS9QisV1","F"
"qilrxPSiDJca","D"
"qalHnf0b5xEW","D"
"qvtcxNop7fdX","G"
"qRqOeQHSNj29","F"
"q8DNnCVp3HY6","D"
"qEMTnwst9PZ9","A"
"qM4NrnM4vQin","A"
"q2Do67YLFkbM","D"
"qy4RUJ00Nwd1","E"
"qSdw8WD6wwIr","A"
"qcid3QBJzOyF","A"
"qrEmYxNlvlaT","D"
"qiPpDfSEjUyF","C"
"qTWxIqCJgAhl","A"
"qhnVfi65QSGh","E"
"qbUPnIfIxRBD","H"
"qhTBMgVahG7A","A"
"qXlToQ2avw92","C"
"q4wPGmTlpe7f","A"
"qRkmGV5hVxWu","H"
"qWSTWMc4YRrr","C"
"qSvnXkjwFuQa","D"
"qKgZx4xgJ3Z1","F"
"qlpS6FUuTYsV","C"
"qKcjhb9RWD2E","E"
"qBQpB9VqD9I6","F"
"qKLsvUdYBO1S","B"
"qhXj3ZzS2P5j","G"
"qIQdDd8NHnLy","C"
"qf5musQcQil2","F"
"q3VdLDo3BwKs","B"
"qFO7LhUCbHIp","E"
"qwu8ISNHSW8h","F"
"qZ9louLPEOZZ","A"
"qTcFinUShrmz","D"
"q2pVpqlWQVSP","E"
"qD0BC573PfUZ","E"
"qOzyzh96IjWZ","D"
"qxnUDPSO3mHb","E"
"qaUV2aT7C9gh","F"
"qCQxvtcwZBme","H"
"qJp4X0Mnd8mJ","D"
"qthhcYgKgRXE","G"
"qXp7nKjlQ3AM","H"
"qJuwvtF7aMDX","D"
"qOsAcL9nyFwN","D"
"qEXYNfCsfeEi","C"
"qEhpv4cGvNKv","F"
"q9DIx9M2XrRY","A"
"qujIFjWNSwpO","E"
"qaoSbIizTogx","E"
"q3KhqOpPjTXK","B"
"qCTFiKRxq8sJ","F"
"qpEOJSgTmUO3","E"
"q3Uju5w8xmSy","D"
"qGhMwMuynk6t","G"
"qY6J8bDzjT40","B"
"qfNOXOXfkM6x","F"
"qlY4VRDVK0Vi","B"
"qJZvAizSj1l0","B"
"qQGvFnbqHMOw","H"
"q4HD88ya4Gea","E"
"qDd2bhtcpDXc","B"
"qqUmpUwEqd26","G"
"qlPSFg7068yV","E"
"qFuUrlnleKqx","C"
"qIKlTVGNKBWF","H"
"q0n1Rr9dFjLc","E"
"q9qR4FwHIEXh","E"
"qftClldlQiNa","G"
"qw73iIlb3A7z","A"
"qhNHteIgh4ce","E"
"qFSVseLapLI0","G"
"qqpbJWu8zdOU","A"
"qclwZovRyn0B","B"
"qIFrS6z7zvvq","A"
"qNejWjmkHBFT","D"
"qUUEOTSUomMH","A"
"q7V0HDbCmTZF","A"
"q2AfNPBratZC","C"
"q4FYLs22VLRH","E"
"qL1amzloBotc","E"
"qXcY2VIJyVaQ","D"
"qwZcbpRvnQcv","C"
"qBmBzELk8oUl","A"
"qnkTPnisOeuO","E"
"q9FulUoXyrfK","E"
"qIhPNr5ZIj91","A"
"qDL1ojopjx41","G"
"qJ0zk0gxNotW","D"
"qDtUeTDiWSqw","E"
"q9Kg6ZKufc9z","C"
"qjxKKEfUlR5E","D"
"q93iIRKU74IN","F"
"qJoPe4MthmPb","E"
"qg8memBGANGk","E"
"qSh3OaVjZd5S","C"
"q4qZlAbF9fVb","G"
"qkz3UmfdAVyX","C"
"qIchzIZt6WgL","F"
"qmM7uQv35C4T","F"
"qB8m093Mj6IP","D"
"qNrInrVN9YmX","B"
"qKclBcdJQM96","H"
"qWzFUnu9jHXF","E"
"qMvxBg8sc77t","F"
"qVYr0IhP9kCb","B"
"qX5ZEFDnq3qB","A"
"qnI9HxxyKSRd","E"
"qdsMFDrs9CnQ","G"
"ql9psF0cyHWN","F"
"qKO2lv7nbBci","D"
"qA74v027bDn8","B"
"qjlqxberUDBM","D"
"qiFrjFKfPpKZ","G"
"qw9goutYb2tP","E"
"qcFc3IPQBYxT","F"
"qSXJVLZrR2yP","H"
"qHXuDOJ3H9uo","A"
"qsjS2KAzA3jC","B"
"qZhoSAbpf4K0","D"
"qEXObSxMElyt","C"
"qxbkjvg3OOmL","C"
"qPAnrAe90UOv","A"
"qZitSvGSKE6F","B"
"qqEmZcEURgMi","G"
"qlIgnngpJz0W","A"
"qglykHJpCgYS","B"
"qGLqdYqhF2Sl","A"
"qa6oCkyD9Qyj","C"
"qZWHspVLtG9A","A"
"qbhcTBHz4KeL","D"
"qiUP8KVunXEN","B"
"qbLcT8jAQm2q","F"
"qWIOEnt07PuF","F"
"qGKNOTX2qM4L","A"
"quaEvlSKi7JF","E"
"q8M5NPmqf6ln","F"
"q5c5buYbgIaP","A"
"qNAwCJZR3v7w","F"
"qdLaGwbrtkwy","C"
"qFMExwTBaGQ7","B"
"qTY5hvUNqen0","E"
"qwcyde8TLQEs","A"
"qxBI2iSn75xG","A"
"qsONzs2e1wUv","A"
"qReXikWS38GB","D"
"quI5ag12RK8A","F"
"qKLeNUm8lpAM","A"
"qetdLIY8964a","E"
"qeU2c0WkoFOF","D"
"qg7tcm1YpWmu","H"
"qNWmPk5tcLYC","D"
"qHPajFTV1PH8","F"
"qXddJdixJV2k","B"
"qtbqhuW5khn7","H"
"qqQfi6jiDeJo","E"
"qBOAjnRkXj6w","B"
"qdlrOqfV0GiM","B"
"qaaYRul7co5P","G"
"qqK6qhYznZ1h","F"
"qxkuWIaam3Vx","C"
"qovdwtDuZGiB","E"
"qOQ0kGtyyXoW","G"
"qzYk1FF8C34d","B"
"qPdoLU18xFBG","D"
"qu8GqRI6mS5j","A"
"qrmMhFwHqHhy","D"
"qCWALkwLO2XG","A"
"q8cobKmnDW2W","D"
"qOlVRvzPojV2","C"
"qZCdRRu0hxIw","F"
"qCqzpkdBXAcx","C"
"qhXm8wzITsIK","G"
"qDsU0zYhXr0R","F"
"qPRhlspEmnaY","H"
"qtpl68eEPagM","E"
"qQD6sAufWpxX","H"
"q03UsLpoo6uz","B"
"qnLmIBGvcvP1","C"
"qpDaaLgIKumv","F"
"q7lSbmCkl7C0","C"
"qAILpitJd105","G"
"qIPBg9zBS8vg","D"
"qJAcLw6ow7KH","D"
"quRmPySazgOv","G"
"qu8jaTLpmfv2","F"
"qmCLUnKitTcs","D"
"qXy3Lj9PLoij","F"
"qWOZJxLMy1QE","A"
"qPLveK0z4jSF","D"
"q2y7LVJHI2u0","D"
"qM3G4Lt6s5gO","A"
"q7A4pvu2jKd2","B"
"qQUOgDv10HYn","A"
"qj5HaEiEKs02","H"
"qGmruw63co5F","C"
"qJ2LDByWp6Iw","E"
"qcnfdQQZ7IsO","D"
"qXcRaoMV6HQT","A"
"qsD6Ib5hWkzr","C"
"qyzpcFDzxlNT","C"
"qUhGvAIOxMw6","D"
"qdfmHglqGaau","G"
"qqouTdxVDXFT","D"
"q4jcxko2GAJE","C"
"qgpWzrU3PxIO","D"
"qfnCNRBEX6GQ","F"
"q2z1VmEu2LiB","G"
"q5fYqM5bdg38","B"
"qKgR0U3Bv07C","G"
"qpXPNuCJr2hy","D"
"qOA3gNCAQMZp","E"
"qE6U0AkZk5Ze","G"
"qehkskhd7VfN","A"
"q6QaT0AOkO3J","G"
"qTEEVsAHrGUR","B"
"qcNy6KdYBTi5","H"
"qRiVWlFYAPvf","C"
"qpUNZV3xxNHJ","B"
"qn0wm4C1hAFM","H"
"q0DdVIZXpDWb","F"
"qTSq2HVvotDv","C"
"qgGK1Ap2dO8m","A"
"qhcHbo4uHkXB","E"
"qlYhRQgUUStl","C"
"qSy4mER7CCQC","G"
"q3btv4XRBtoo","F"
"qclzaFgf60WC","D"
"qA2fYoIs3Abz","F"
"qAdhYSTFGxt0","A"
"q9hj2kktIOCq","C"
"qaQoCCEGzjML","D"
"qrXf9K0RKNrg","C"
"qMuRXQPUjsiy","H"
"qUKVKwZAmqpF","E"
"qsYVyVjmkJv4","D"
"qsGxQIWQ9RF0","G"
"qvH3yPyQeQiP","H"
"qZGZmJoVLlK8","D"
"qinPAkBd7LJx","G"
"qQW2WjYXpkBh","D"
"qBhz8IiGd59f","H"
"qmgecpLPLCXD","B"
"qyiBK7NvRrT6","B"
"qHkPHN7KtNwh","H"
"qfxeHiCTIUUA","F"
"qQZOQqYeXsKC","C"
"qTOHcVY9DW5v","B"
"qJVjP9iEAl26","G"
"qFwT557zGzeU","C"
"qDFUTwHHX4h9","D"
"qhnTGl6Mx6Vl","F"
"qGqSJqxqGZYD","G"
"qFaYsiRLo4iQ","G"
"qhTDzeoezLCf","F"
"q7kzOsj01Wdi","B"
"qMvKExerjRpV","E"
"qFVx2dh4HpPU","E"
"qTd5fpgV25CO","F"
"qTbCFdR5JuhF","D"
"q9x0jvGzq4oL","G"
"qmo8Pl6Ot5Cp","C"
"q1teHHcXTLkg","B"
"qR0rPlsVlMdO","B"
"qIMscZCHdemw","C"
"qfALCJhBYVl5","F"
"qvHP9kUzXCWf","C"
"q1y3mqTduYia","B"
"qngP5lNpK7Kk","G"
"qCNcxQc2mrkP","A"
"qJQyGGGXJa2H","G"
"qRoyDHQ1WEn5","F"
"qTwrkoyVoooy","B"
"qJDPH5OHoqCk","B"
"qELrKfEqwYF5","B"
"quCnoonEY5KD","G"
"qcXFHtC5Yle5","H"
"qWLShSynwUYX","F"
"qjj0ACov0xqT","A"
"qXHWG8HYNdPd","E"
"qQMjT7jivVD9","C"
"q4ogjRfMNwpJ","B"
"qlprJmBE3HWq","A"
"qcGlHmVi44mh","D"
"qcH9oC3aTLP3","G"
"qHkdEF1hBaYt","F"
"qHlFuvUxT958","C"
"q4qmeqIGd6Fa","G"
"qpIF5Z520qu4","D"
"q3SPoHKZKL7B","D"
"q71BBnmuL09N","G"
"quUOVcQfTqDo","D"
"q3D8DktPza0g","F"
"q30NAe25zAlB","F"
"q1PyXarE9rDl","G"
"qYol4p7wT4Sj","A"
"qKLIFj7Br41l","G"
"qdXGA6bMCDcB","G"
"qb7UpNYGzD6G","D"
"q5TSu7nUFjAZ","D"
"qHbPBzLV8UB0","A"
"q5j0Ly40yJNI","A"
"qmkA3HkAmObu","F"
"qMbMKZY2UaWZ","D"
"qrqNRZDHjaru","D"
"qpfPIjik4sBu","B"
"qg6l1nGC4wp0","E"
"qRD5ijLfQaSf","E"
"qnLCh8RJpk3F","A"
"qxnTPkqqod3R","A"
"qyGGXR4QUQqT","D"
"qH7d5ndXtvvU","A"
"qKgmdk22HmkB","E"
"qfGamG4L4XjH","F"
"qlSAwFsHnQjz","A"
"qOU7yKKQ1nPz","B"
"qIyVKTkOz2Hx","A"
"qjuud3dKYu8X","D"
"qDDxHZlEUwEy","F"
"qaTtYdoiuoe0","D"
"qt09TYlRS9b0","C"
"qoDxJPm1U1Ka","E"
"q9zwfltilYCp","B"
"qEBbI0lG1D5N","A"
"qZHoeLJmK07m","G"
"qu3i1lIADAGL","G"
"qvkiN4O6dDX3","G"
"qZ19y3CuwxJP","A"
"qa7oAoAqmwFc","F"
"qHWdNHvg91ZP","F"
"qvRBxOwWxRXM","E"
"qhN8lCu6g4oL","D"
"qD23sS7zY3vq","E"
"qleG2MW0EFqr","E"
"qEuCTuj5pT9S","A"
"q1Ckt0FktBcV","D"
"qiI9fguCYhEb","G"
"q9DH62gz9Jjt","G"
"q6eIT3TPglpe","A"
"q1ETKM2L6FWD","C"
"q5Zk5GAYCSZG","G"
"qNkntCczvsPq","G"
"q3eZ7sOVVJ99","D"
"qHUYPdctH1tm","B"
"qwTaWdXHsbfF","E"
"qb3AIE82Dt3X","G"
"qPOhpxGgBS9s","A"
"qIvlrVIGekNy","G"
"q5tmflYsrsuk","D"
"q245usFbpmDA","E"
"qDP9az2EoeLU","E"
"qX5DptakJTxp","D"
"qscWJf0u1770","A"
"qAO5UOtZtK6g","D"
"qh3ldUiOEEYJ","C"
"qWQaEFuod3um","D"
"qHSrq7A8369K","G"
"qTGRBJ3kXgTJ","C"
"qgk53rdRWhp6","E"
"qgYko3cMxweb","F"
"q19ufQV0BYqI","A"
"qhXIoy4pLWQw","A"
"qxIycTGyGlKh","D"
"qH21JJOfj4Uo","B"
"qpdALrNvtTqn","C"
"qvu3DOuoe0an","A"
"qvYkDMwhC8U1","F"
"qmJ34Tz1Emeu","C"
"qrwkGMevHLuJ","A"
"qY6neMv9RNMu","F"
"qeWspcIUkPV0","D"
"qutiHpzeBTHl","C"
"qrPBn4igGkK0","E"
"q7UFL22vNoUT","E"
"q7mhFycfFhrv","F"
"qWCVgcBavZl9","C"
"qXbSqmYKQeF3","A"
"qoPS212f6dwj","C"
"q79vmPRePkKF","E"
"qwJxnnYZHnlO","B"
"qXNMZwNr4pVp","E"
"qTJBmSYbc8zE","F"
"qygOHLgBhsXo","B"
"qiInKwG9scGM","B"
"qtbyzYBLtlgw","A"
"q7kAMnBWdVXw","B"
"qmdZsQkoTKKn","A"
"qdKiRVyB5d1s","C"
"q39UpYIS8pC0","A"
"qw5QMcdNlgnA","E"
"qADstFjAZBsA","A"
"qTwhVXVlkyTh","A"
"q5ZKjZlMbRgN","G"
"q0nV5z9U0N5J","D"
"qx95G8KxnNo6","B"
"qh5HrIf7xqsd","B"
"qo0z1ZUNoNy4","A"
"q5twneYXHNBg","F"
"qyP0n0pMmvtE","G"
"q5O8k7HVLtwX","A"
"qhKSyKsWEJjs","B"
"qnmS8NXj6Zyx","B"
"qd92OY3S57a2","D"
"qIXaDUGE8YPQ","E"
"qho04odw1MQn","D"
"qIhbXaUZeylE","D"
"qxz8Z0Ns14uC","B"
"qNVTT6SdEu9B","E"
"qRkoTi2t5b8S","B"
"qdSpNmwuvpCp","C"
"qJc7D1U4QOMp","G"
"q2NbIMrr5ERA","A"
"qBnkMWw4fOUK","G"
"qcZgPaSBK1SZ","A"
"qPl8LlBBMaGw","F"
"qQvYiXwM8yEa","A"
"qqlLnmIqKg6R","C"
"qVekfqKx2QNU","A"
"qmeXWnXpOrtj","A"
"q0JUkGX1ZVQE","B"
"qEFXkHueATjD","E"
"qRju3GbbqctC","D"
"q1nO73aocu7d","C"
"qEFsAO3VdQ0t","A"
"qNQPP2ycgRUh","F"
"qbJG14ltk8ji","D"
"qX2QnCbamPky","A"
"qHBhkCWjlzSo","F"
"qW0jVXeGlsCz","H"
"qm9f51m30tuK","F"
"qq0iVZakjcLC","B"
"qfwikxB2yt4i","G"
"qBZHg4lMjH6u","B"
"qQVcylkVAsSJ","F"
"qWYbfifn4ReO","B"
"q4iH5ABXqoUK","C"
"qjKcJhyjUfBq","C"
"qaAGGNWCV59A","C"
"qZYzuR9e9gqc","G"
"qz5J8gL3Y3fr","E"
"qhF2ox8mUo31","C"
"qCfJ48Fy5YED","D"
"qbgr5wUM9ImA","E"
"qRoEY8bkIAQq","D"
"qKJbDRUgbh8M","B"
"qY2EMeR5Dbg9","E"
"q3eMsT66ZcRA","C"
"qTehE9Ef5OaJ","G"
"q2ftpaW1O3OA","G"
"qQ8cCrNYayan","A"
"qv6pfzaDKHVY","G"
"qX8JnjykMYis","B"
"qqoB1Lorgbsb","C"
"qfwSeWo1tKy9","A"
"qgEU1zl84dfq","H"
"qlLNn67Dtduh","B"
"q0e3yckHtNqP","A"
"q79Gxm6jK2i2","B"
"qOTAwUl3sxtA","F"
"qTopXrBW98JK","C"
"qmVP7pG4gQhd","A"
"qfifkPHbJZvm","A"
"qAAqJIaEhNgD","B"
"qShGS2fC9PAc","F"
"q6V2ZhbF76MH","F"
"q1YrFGmzP9eC","A"
"qSTSEBJFxWQz","F"
"qrMrnydvUldP","D"
"qrxaeIxvsHRA","E"
"qquMmYIHickd","B"
"qHUPc8IWBGqh","G"
"qQ20UPQ9e29T","E"
"qUvcOdNLI5Z7","F"
"qvqBwH6nSZ1h","D"
"q1Ol1HtNPWs7","C"
"qhMc0jTi6yw0","H"
"qpmUHpP2PG15","A"
"qqcId4q25qku","C"
"qTmx5cMklkNT","B"
"q7hJZKzphZMT","D"
"qpH0BLNIuHyW","A"
"qFu9RKwDtciK","F"
"q5BnQH2bedAm","H"
"qZkK1NHEkf3s","B"
"qNNwFuIFi1Kf","B"
"qMXF8zPVVnkc","B"
"qve6q47nQTqY","B"
"qCBUqkviBxIb","B"
"qwGSjqJlJsSu","A"
"qFx0Nuxqap1m","A"
"q6z9LdeFU1Va","C"
"qcnQqYliomL1","D"
"qM1gvwnsLQJm","C"
"qxxW2F8xQU89","C"
"qRv8NMPoZxBA","B"
"qHWOcCB9hzI3","E"
"qnb6zfp7CIyt","G"
"qL5T4mtyYChO","A"
"qKqEsVa73TFb","C"
"q6fY0LQCCIKJ","E"
"qTapkX0O6Qpa","B"
"qYB7D46p2WAK","G"
"qJCZA4s6YsYh","C"
"qDjSpJuOX9fu","D"
"qT3YQ16lI5fL","A"
"qYl2drh5Bck0","G"
"qPWQWZg5fUg3","C"
"qWqIuJxoUltL","E"
"qgEACRP3ib8v","B"
"quBHpu00VpZy","B"
"qrmywa8XONsJ","C"
"q5XUZkbfVHjY","B"
"qzKV8TwnNo7P","A"
"qC6fVTeFGh1v","G"
"qH9U4WY6gUvq","B"
"q8q5AL711GKA","B"
"qd13OC1f1OVV","C"
"qRJY2evys7kr","E"
"q5v9l5Sox7KG","E"
"q8oYLLn497w4","F"
"qnf2dnA2LbMZ","B"
"qhHNUDYGKrXf","B"
"qdHt9HptOy7x","F"
"qPfr8iYDhlHa","D"
"q3REtxNWwzZ6","A"
"qyegGwVkWnIf","D"
"q1Y6G9qsTEPH","E"
"qQU4Gz8kaisW","C"
"q3n4vGFXD8hw","A"
"qwUCwQoK0tOy","F"
"q4GGrFY2oU2I","H"
"qd3g3IjUUIXK","D"
"qqP17ruifwW7","A"
"qNnxfaXdPfxW","C"
"qbbMkCdDPrWD","D"
"qmcGGeCCZu2g","F"
"qyhGahUs3OwU","G"
"qINwnPpZTIjd","A"
"qk4iVjvBSeUT","C"
"qyrP7OR7f2q2","C"
"q2iILt2cZd13","F"
"qF8J2JNnjSlk","B"
"qrcmYMoJjHw3","B"
"qGRf6EDsDNIm","B"
"q7OTbOLMnCqa","C"
"qXqm8sGJygcN","D"
"q0qeWp9qvTQe","G"
"qGzEOZorBA3M","F"
"q97nb6FrHIZm","F"
"q2jmLCRi7cTi","F"
"qUqvnise5qn6","D"
"qkhA0WhVEMUB","B"
"qtVCZ5651KA1","A"
"qMZGZhgdzYKR","A"
"qdJkV8zCbRA9","A"
"qyR8rFxTs0Da","G"
"qstAuVULVr1E","G"
"q8R7ViM28DOd","D"
"qLGK4dbqjdnJ","A"
"qKJoBaMhwS9f","D"
"qVvwTSfOWiJa","C"
"qFEglqpLKaDM","C"
"qNc29FaULRJ6","D"
"qjNpNp8mXvyF","B"
"qT0zmSIJdeKa","G"
"qdH7EkJsx9yT","E"
"qoarUGNxG604","A"
"qFFJWxuAetBG","F"
"qgiioWhKCxeT","F"
"qY6l9OrDGX9G","B"
"qpVAu8RPNiNk","D"
"q0pjfdFVLHxW","D"
"qZcHVDOgYLpy","D"
"qQf8DlNOK8Vh","C"
"qvqXYrGIbuwM","G"
"qxNvE8OmUKNU","A"
"qMcqheelDiZG","G"
"qC0aCWkQwofr","C"
"qYQBxBY3kiBh","B"
"q5MxlSPGI2hw","A"
"qqSBPJOujAZL","E"
"q8fDA1mqrAtP","B"
"q115PkEtG0Yi","D"
"qQQynlDgYBLp","C"
"qofuXn16RoiJ","C"
"qZ02AhEMecyb","A"
"q08179FJhvl5","A"
"qEjA4z528tQE","F"
"qwkhVkTkQyUE","F"
"qQnhxWVGW7mg","B"
"qY47Bt4jWV63","H"
"qPAGmROpEyJm","B"
"qzU5YKqveG8x","C"
"qT5ChRscx3fy","C"
"qTJY14eLkGAI","B"
"qoyEYDNP36Gb","G"
"qfwgRvfagoc4","B"
"qo7WsRTr2eFH","D"
"qJupXUwRG4dd","G"
"qR1bzOHG8htv","C"
"q18krbCJY5xK","E"
"qxVlClXztJeG","G"
"q19o6clRT7x2","G"
"qlbpAmIFNk2e","C"
"qBRRhhgbNhFK","H"
"qjZpGytqm8xF","G"
"qD1nXJaFdYaq","A"
"q5Tn2gdicqVw","A"
"q10ioaHTv3FP","C"
"qknG9GEW8tnX","G"
"quwqfDeOqbAc","B"
"qq8x5xOLwTJp","G"
"qhCikTWtIz7k","D"
"qx6HcufzRzKu","D"
"q21A2yV4ysrE","F"
"qE7bkSfXkf1p","A"
"q58GvBBhhw3R","B"
"qV3O10ePTnHc","F"
"q8cStCSCLcsa","A"
"qa2eQRkuNk0B","F"
"qMtTYbyeQ9Xe","D"
"q5a5umxRWftQ","E"
"qg4MjQAsK96P","D"
"qMnzCUEg9ekz","G"
"qgFGBlN25WJZ","C"
"qJyHnxsPxl2z","C"
"qbufomo8uGH6","B"
"qz7zcpRY22Sx","A"
"qIvNae5H2LiS","E"
"qNMrbXMvUlQc","G"
"qeNTm4U9ZEDw","G"
"qrMarzmlte9e","D"
"qcqvzTVqTecV","C"
"qkMQuXjdYI6f","A"
"q4uMz0dsoweD","G"
"q65c8YcNClpj","D"
"q7q23LNda6Pf","B"
"qt1HrdFCJ24a","G"
"qlVke99VV9po","A"
"qrCq7kfP3Bya","G"
"qmwXa5fckThl","D"
"qPGHHetnXsQf","F"
"qvNrBo8pKc6h","G"
"qF6tu007bCwr","F"
"qtDDV3VRb2ky","E"
"q8VUDhIzTn8m","C"
"q6oZpO3Q7y8a","B"
"qr5QYISG8CW5","B"
"qZmOdtptW7kH","E"
"qREpBQEqHFfO","C"
"qIAOg1CI8Fp8","B"
"qoD91sgRkgHd","B"
"q88V2LNJuE3g","G"
"qh9aGvWkKGoH","D"
"qWvhUZ4F3qin","E"
"ql13Do5l74vZ","H"
"qu1wWLpzGQol","F"
"qFmu3qJIinbF","F"
"qnxeK8DFsjMB","E"
"qSJXQ8JszZhD","G"
"qIYEo6ctTTYd","C"
"q2VYIUikfwhd","C"
"qyZM5mPgocYD","A"
"qkqUYwcdi8Yp","E"
"q0H9jbccJEbv","B"
"qPbhVuFejwU4","E"
"qpdm6Nov7aQ8","D"
"q41cTJeFWWeR","C"
"qe31RCqAD4xC","F"
"q6XOA3oj3AIl","F"
"qoBfSkaE8ERI","A"
"qS65jwDai7EV","A"
"qZgrS0CEI8VQ","F"
"q307qq0Ueynj","A"
"qlCss3F4ceGe","A"
"qqII2N9267bm","A"
"qrIwuP1EAwhn","A"
"qkWcJEis0VZy","B"
"q4P98AsjhJnE","B"
"qtDrr08VCE3f","E"
"qB2CPLFLHt2S","B"
"qqwvlTuFXSeD","F"
"qjgdWcSW9W1N","F"
"qjdj0DLjQRqq","C"
"qC3Hmhqmp3lB","B"
"q2LfURrv1Izs","D"
"qiuGSAHJZe9z","H"
"qaZchZZCL7Gl","E"
"qeXMGualTPoY","G"
"qdVj9PPU2NQt","E"
"qXMsvAF58w1M","E"
"qoNCkrn4eSYo","G"
"qBTpBtVIIgfm","E"
"qVg5nLnqFlml","E"
"qFxn8Jy15M2R","C"
"qZDnAh7nHrOr","D"
"qnzIxmNL575m","C"
"qVeDYYV5XQW0","C"
"qvZBFewwB9cm","C"
"q5aZTKjufnBC","G"
"q5zzVP5ejHCE","C"
"qH74ZBrCfx7k","B"
"qo9bOHbnB5Sj","D"
"qdaBF0ytk9cI","E"
"qVrxWuJhHbAV","B"
"qSYlT3UIU6DC","A"
"q3rrBnAZ2lbV","D"
"qhl4bT6c8pNU","D"
"qQ0lFYA1RvG5","B"
"q3lKghSPYrGC","G"
"qO9uhJf93CpK","F"
"qCUTcsP5gz5R","G"
"qsd8N97n3plx","A"
"qDrr42yChYKQ","B"
"qhM0kAZhDDEv","A"
"qJ4S3OP3qFEt","A"
"qUFMJS6nbuvE","G"
"qjYTx7jSaf3i","D"
"q0kMvZ7E8d50","A"
"q6gv93KHgdg2","D"
"qU5yCwuQqH6t","A"
"qiDD8SwA6MwY","F"
"qtZ03RwumsFf","D"
"qrAw1FgBqXzj","F"
"qIYLT7A1a3sq","D"
"qJdJfAbqCS7W","G"
"qWthZioE9VWX","E"
"qpLrWH3dudxB","E"
"q0s5FplukNqI","C"
"qlRzK0ImDyI5","B"
"q3h6DqewM2Rz","E"
"q3Mg4HndElIj","C"
"qLPRW4rmFmfR","E"
"qe9KwzFE8Plv","B"
"qYEt5ZBu1J9i","B"
"qSgYSXDCPOoD","D"
"qtjXj2w5zVnN","B"
"qMZuDX3edxaC","E"
"qG96Nrhg68YP","B"
"qVgMm52ZcGie","B"
"qpsOk9TyMTN9","D"
"qcwx8YgvGWvI","B"
"qFNCL2P2n4aT","B"
"qPo3yRxF5r0N","C"
"qEw2cNt6nuaL","F"
"qhNFQQj9rALh","C"
"qoH4lcNfWYOq","G"
"q9KV6uieHiap","E"
"qEpwumsjYUJQ","G"
"qYru2RgtHNjs","D"
"qT2tASZpmGX4","B"
"qDfZzcJJ1Vqr","F"
"qkvVYfMxlL0B","F"
"qWUBBIDMlxYJ","C"
"q65cshmc4KpW","B"
"qblI9Y3fUAk6","G"
"qg2WrmZbvzPu","D"
"qdQ2MaMHlG9t","B"
"qaRe1v3N9GHK","A"
"qnBjB9oMv2CH","A"
"qf0g1w3ldWIa","E"
"qR8fuTgUNoF9","G"
"qSxij46DGLS6","F"
"qZrem7YHDJJu","G"
"qtzoLOglMuEn","A"
"qaDQfHk0g5KJ","F"
"q9FR31wH7Aml","D"
"qQX9XIcuGNyX","F"
"qpOc0lQisMXZ","B"
"q8XrfmpiuEFn","C"
"qEDp5Fsm4THw","A"
"qfbiZAdOsQGW","D"
"quYwK4iV1h3i","A"
"qQ7w7b79j7RS","D"
"qTu26fIvrS8g","F"
"qdjJZTLeFGiv","H"
"qLHQnJfNxXTC","F"
"qLdvUTVEL0Ih","A"
"qEbTKyBvxqGe","A"
"qXndZeDVSaz5","C"
"qbF9hj08YK7c","C"
"qpIQHBG3Zlg3","B"
"qdELM3QGoISs","D"
"qSarAwbbmo7B","G"
"qUgkZQtqgT8U","E"
"qx8ITJhHRglP","C"
"qNwx4vkfKVGX","F"
"qIT43nWXJV3x","A"
"qpmmLe426J2f","B"
"qiePL41dsKDg","B"
"qHvhPvQSic06","F"
"q8mmtUCCxIH1","C"
"qWads12KX4yx","B"
"qaWaSZv0PlHd","E"
"qR4zghqeGOf9","F"
"qEXgTw6dDYzA","H"
"qWzake1t5Of4","B"
"q2GBugR0oz3P","E"
"qduwiXhzG18r","F"
"qArmHyXjq36k","A"
"qPakujHNq11Z","B"
"qi7fDto85a8T","A"
"qmIzTynG2Kib","C"
"q4Ku0SRAz7Gk","G"
"qhpSm07Jp7pI","C"
"q9FN0dKIV25X","A"
"qY1ntNFJ2t2U","C"
"qt5EHMmqJKUx","A"
"qw6myiJj3nwF","G"
"qDpiyTUjKatk","A"
"qHpa5QV0uQRZ","D"
"qnkpanIZhcG5","B"
"qIj7WI8BPbvv","A"
"qmCJud5btSnA","D"
"qvA306VPs6zr","D"
"qef3yd4i4OKC","F"
"qrFLjsOBUJEF","B"
"qkkDBT7VUp9U","F"
"qQVyTSagnujv","E"
"q0CW0KMnnbS7","D"
"qm6QgjtS90a3","D"
"qmwcVTN6qjd2","G"
"qQX8mlASxFqY","G"
"qXES3ZBtCOQp","B"
"qe7UArNPkVeh","D"
"qYmIFGpOebhv","B"
"qkqB0s0mcRGr","C"
"qb9GZfBdEwB0","H"
"qV9cXpNEbUS9","E"
"qlrN6T2Ibi4R","C"
"q5xqnaBKbd8T","B"
"qrKdG6LCidwd","A"
"q4iXMWX1KvrL","B"
"qH5mcvWNP3GP","B"
"qHapisEXbEaw","C"
"qb3JhiF4CzDW","B"
"qlITTpJ3l4wX","B"
"qf34tkHSurPF","G"
"qqvrxNmSBOpM","B"
"qIrgHs2JIYx0","E"
"qVOeBsGItCa4","E"
"qaAe9reCXkhS","E"
"qiEIhJe00NiF","F"
"qnKD2garS5wx","C"
"q3iHhMLQ3vyn","G"
"qOWGyfrPm2sv","D"
"qohtmdOV3w6Y","B"
"q5Vp5odNbHJp","H"
"qHJ7NATVP6A0","F"
"q2AdtpDygo1e","D"
"qO6UIPcwNqWR","E"
"qJFNjysuXfua","G"
"qMkCLQzPxFBl","F"
"qxLKG2JIHDAY","H"
"qH2i9SWALWDh","B"
"qoFOmhE2oq0Z","B"
"qQ1Ej5mmkf0o","B"
"qFYCkCu1tsmN","E"
"q0Ww0TNiOTX5","D"
"qMPQHh3acJp2","B"
"qKXXenh7Q8B9","F"
"qKJuRol1V0j0","G"
"qiiC1MI2vjHI","G"
"qHFTsbJp6cVM","C"
"qe6TWA2JIKYy","D"
"qmLRoUCuVnrc","E"
"qNOq0Cvl04VN","B"
"qSkGJ31FdJH1","E"
"q0D7XZzUiiJY","B"
"qTCIWN3kPXVW","G"
"qaDHcoVBmnsT","E"
"qlkzxsbgijpc","C"
"qD4yRj62Jaki","A"
"qz6GUJUzCOK1","E"
"qdGof9XxDTvN","G"
"qNN1fyW32TMf","C"
"q9pTZISIG5Mr","D"
"qIDHHwRr0A4g","B"
"qHSC7Jy3K0Y2","A"
"qsyhPQVm3dlA","C"
"q7LRKlq59mpb","D"
"qzV0YPuRfuz2","C"
"qDgXE1NuOc8C","C"
"qKTOEV3fX9Vk","A"
"qNQeUvXJ3j51","D"
"qwDD3sjZNwJu","B"
"qBl0axgHbp33","C"
"qEpvCU68z888","G"
"qbCtMVRJufxu","A"
"qgWTyJ6MGlfw","C"
"qtCENadu2w2f","G"
"qnGCZKnkQJhc","E"
"qn0o7q6SmzHv","F"
"qR4ifVfstqrd","D"
"q453bLejnUn1","G"
"q1otr7bg5L2c","G"
"qcJKu8xdoiEk","D"
"qClFxVc6mnw1","B"
"q9QTiuIQk4Hg","A"
"qSM1Gblq8hXZ","A"
"qiTlCCvsHZID","D"
"qbP3dWROmaM8","H"
"qAUTp2403js6","F"
"qFQUPP8xpRhT","A"
"qNz2uqlzH3hz","F"
"qgZgH29NHAW3","C"
"qtGkJfj00s8R","B"
"qDqRdBlQF8l5","G"
"qUycOYr1uVw4","A"
"qpAx5gHtm5a6","A"
"qkwrYLbvU3tx","B"
"q9j203Wzg29c","B"
"qgLzWs0rxl9P","A"
"qmVYSp2r2E7Q","C"
"qmy36BupOGSV","A"
"q6lFE0LIWO3j","F"
"qA6psPyXIMfD","F"
"qWr9A18JBgmc","B"
"q7UZ0GSltBzm","E"
"qnO9nrZvNB9s","G"
"qyNWdHPfmA4U","H"
"qqp5Au2HGEG8","F"
"q46aNhmCxzQL","B"
"qS1edJ69fvHa","B"
"qRCYR7YK9nNv","G"
"q3JYO1J9pUGx","G"
"qTWKyEic9SfE","B"
"q2pt2XZRcOns","E"
"qymQOUMibPPf","F"
"qCZ1xHyf2LJC","D"
"qdfCgGnEo2JS","D"
"qBJfeD9v5mr0","D"
"qxYGw5V6w7m0","D"
"qPT9GhCgSkTV","A"
"qDgUhB3nsrkx","B"
"q7U8oH78q0iY","F"
"qwHCqFRDhSm3","C"
"qdEmR3DHfQXr","B"
"q3EnpYzxpavc","A"
"qS5D24WcWX4v","D"
"qnrrHAQBCxps","A"
"qba9KDetdmlb","E"
"q87XMGxPpQXs","E"
"qPnKIAAaPxo4","B"
"qVw1oLxXolxN","F"
"qwOZrDVwroUN","B"
"q684yUGv75wm","B"
"qVJ25rYh9wcA","C"
"q6Xt9Wp58n8V","D"
"qof95XIlJQrx","G"
"qRT2fhUpndxE","E"
"qOTwsNyHgKbk","F"
"qpFiUbdO4IYa","C"
"qjP2YU6zogfL","F"
"qwPwPtTLSKeS","A"
"qwI489XuwqUM","C"
"qGlWrOIqLo3z","C"
"qyKSO8nMXUW9","D"
"qpPae4T59FWS","D"
"qOR2OIj26I07","C"
"qUmJWFSlH4Mj","A"
"qZRxHaBqxceL","C"
"qfEmp38RuQZ2","E"
"qDxTFhoHkANw","F"
"qsKyr86SAz5p","D"
"q3QtZ3bXdt49","E"
"qHDbIXofcK30","B"
"qGrUi2RyvxNK","B"
"qv3sub7Venmq","A"
"qkEWvLtAdwlq","C"
"ql9qxtYBIQIJ","F"
"qZC9qhxO5WtO","G"
"qs5398eFZjLC","G"
"qPwkFC3wsKoh","C"
"qvM10ZGExKZb","F"
"qfBz9hnugRWI","D"
"qqOPFMepdnFh","B"
"q7ZSiu9r3f95","C"
"qDUwA2gLbqbz","B"
"qOmG4lRr36VM","A"
"qJU86fKXiRoQ","A"
"q4dOfS2HioCb","B"
"qhjNMyf9eA2U","G"
"q2iHyhcLbPN2","G"
"qYNUm6J46yME","E"
"qncQ6gYezjiu","D"
"qJNywrriiYQG","E"
"q6WXuXmsvhrr","D"
"q1d1Qtuga0RS","F"
"q17kbHme4m87","C"
"quwRcJE7S4kp","C"
"q9uwNqLfI0dV","A"
"qgS5BW5E7MCk","D"
"qXITBsXjfTsW","E"
"qvVmq9zSUAyj","C"
"qTJnjW2mUPAL","A"
"qbDWbZG53k6g","H"
"qHNLCLZsAk1E","E"
"qWI1xx9qDvt6","F"
"qKK1rRCa8lvi","D"
"qqOoNmrcP59W","G"
"qOvsSMOVJERb","F"
"qEd8MidA05Ix","G"
"q7i3eIVy2Eyt","D"
"qIV91OSWOPDW","H"
"qwSX5GBUoMyJ","A"
"qVUpDkpskYmf","E"
"qbU1W2OZiKei","D"
"qDE7zoVPjVPS","B"
"qNACROpaRsBQ","G"
"qYI4aPBRUNz9","C"
"qar3geYZqaRo","C"
"qQIYtX8pW8HX","B"
"qBFtgV5fO3Mj","G"
"qQGbCa1a4mLb","C"
"qII0KYrxdMHv","D"
"qltVbSoCkaGd","F"
"qivlotEodvH3","F"
"qAwSIyEWefiL","F"
"qJnX5RHwiGor","A"
"qfF78pie7n9X","D"
"qPDx1rwF88uv","A"
"qAVPYsXbksoA","H"
"q3HO7vCkAvZM","E"
"qt557igdWlRT","G"
"qdHhoouElkUQ","B"
"qFIXEIoVUyDr","G"
"qo8vYTxGWlP2","B"
"qnDM31Zp4JT3","G"
"qRwBxg3tknWE","C"
"qfqKcWr6n2oY","D"
"qpLmWakvChnA","B"
"qKPKZ8EyM6lO","A"
"qiQtoUmR4VKG","B"
"qqB5DCU6lybw","C"
"qKXK3FbfxM2P","D"
"qlTrEd2zmlQg","E"
"qpkf9pshgKER","D"
"qJIYvLA1Nkrc","A"
"q4m85WH5Newj","E"
"qwdxtzjK2hC7","E"
"qdwUQK4p0GMN","G"
"qHgaITBha8rF","C"
"q6STMq9lhLBv","C"
"qX7lGkNex46J","G"
"qC9dDSEUja49","G"
"qprDpkrBBHWJ","F"
"qfQwqGT5BBzj","G"
"qnpEfLELfTQT","A"
"qq7OE4EKjxrq","E"
"qWEYuv2srwML","H"
"qPmRVNuu0lCy","G"
"qknc1NvDtCvi","C"
"q0uxvd9i75IN","D"
"qL6DUZ8QzRd5","G"
"qYKiO9dx3ZYn","C"
"qr41fYEbaV61","A"
"qaQfsV7KpmTM","B"
"qslYygjSfI1F","C"
"q86I1o35PtQe","D"
"q8ZyQEXAxiez","F"
"qaRrq9orluZ2","D"
"qEMCUIEOFDrn","D"
"q7WbNYa4Ofqt","A"
"qva16I93sTVu","B"
"q1MxCxe73sv1","E"
"q0QiFN49srwJ","F"
"qtcxSWEjXmrr","B"
"qX6H7G2DfRaN","C"
"qMaXhp1soht0","E"
"qTp3DEtBZxjo","E"
"qfRAVhRM20qf","E"
"qUze04gCmnOE","F"
"qeDlRsy9TKkg","A"
"qCa1iqacHta2","B"
"qrgD65bLukMX","F"
"q6kyAuf0of1c","G"
"q4vpfXW1Js0M","G"
"qMG3wLQKX0GF","A"
"qFp23zKNycjJ","G"
"quUvTC47GorK","B"
"qKj1MSVqh2vC","C"
"qGHEl4T11bi3","H"
"qgm5pepeZfwb","F"
"qImhDePkTOqX","G"
"qCxEriEG72V1","C"
"q8gTbMZpoHBv","A"
"q4cETzybjYTm","D"
"qHXgwlvoLAfT","B"
"qOqQPBcrXzIv","C"
"qmNntwnsVHmB","E"
"qfL5ZONjCmiF","F"
"qRMkN87DhZQO","A"
"qMrhrwoEE0Mz","F"
"qvsymiCP0tB8","A"
"qH9EjtOCE3FL","B"
"q2gVNiLbQYHy","A"
"qAl5BawBND9r","B"
"q7HWFISD2oet","B"
"qcZ18hiyfz7s","F"
"qzqlVNTjYwjI","F"
"qTPbFnB4exFu","C"
"qevJSxSKhadN","B"
"qLl2O12DhZ9W","D"
"qtQk0XODBo8o","G"
"qGbhFs3zoncq","E"
"qHlStFmgfHLI","G"
"q9wkKH5xhOAN","C"
"qnqD3gjMhTAO","B"
"qtFX0hKG0k9K","A"
"qN9tgvFsK9aO","A"
"qP7s66J0YPGi","E"
"qzBAxPQaEOUP","B"
"qGZmdf3hlXuI","F"
"qeP9aytoJY4v","G"
"q7xVYQvI0hfA","A"
"qraCSLvsXx8q","C"
"qWV53asX3RIf","A"
"qNqnbeBaar6k","B"
"qdFPOoMPgIB3","F"
"qBGZX0d51CZe","G"
"qNz1sLb8Q9jL","E"
"qbsNZmr1kpqx","F"
"qV1TobTxaZRe","B"
"qBLnzgiJP6f1","B"
"qvoM13XDhJKM","H"
"qQ3FD9LW0F4i","G"
"qBqemX7aVaGe","E"
"qB1kHJo4N6rq","F"
"qPfo725YVLOe","A"
"qMJ8zS3vMQCp","G"
"qzWpRZpO9c66","A"
"q4do7P8ePkeK","D"
"qS3BaYKQUAAk","F"
"qdJyj3QAqsqj","C"
"qSJaoI6Ywa5G","C"
"qqLLShyVUC8w","B"
"qVwky16lUBbv","A"
"qw0rQOYEjl9O","D"
"qcdYBLV4jrfB","A"
"qC0ARHxxVb6x","F"
"qdULXf6DK1PH","E"
"qInv5qVdHLnv","F"
"qoIuM9gWlcf1","C"
"qtQznjeGHAUK","B"
"qQ9pqh4Exw24","C"
"qAGjPeYMpHc7","G"
"qj1d5mwRLAYC","D"
"qPJkbyiQ3K4T","G"
"qH651bYwdeAB","G"
"qVsAuQSHgrAD","F"
"qJp5hF2cCOkY","D"
"qr9RFLRmktdu","E"
"q0XkzXgF4DjR","F"
"qPO2WUC3ISg5","F"
"qA8ArgBPbdLa","F"
"qh3mdaGjvoc8","F"
"q722lw5kkZnL","D"
"qBGc3Oaxxk1U","E"
"q9ZMGWfX9I6L","C"
"qSpUe4EX1OBz","E"
"qLbPsUvkeslG","D"
"qK3KiqLwVg94","E"
"qW3W35jovlhs","C"
"q8hslAx4ihEE","G"
"qwsR9j1EMyxh","C"
"qMU41Ux4OIdH","A"
"ql2V0PG4gTVG","D"
"q7GzmymxlTgu","B"
"qwWgKU4LsO3e","G"
"qT09GyFwkWw0","B"
"q9DWCHjKUtdU","H"
"qjf78vTP0Kwo","G"
"qiLRbrXPPppP","C"
"qTnCac8dVYXl","A"
"qlgyNya16Pp7","B"
"qIkUBcPGkwtU","D"
"qGpmdUI6NN9D","D"
"qulnLxzRI0NN","E"
"qtLe91rC0paR","C"
"qqZfCf5UjQ5o","E"
"qHCT1L7Fv5j6","E"
"q176OwoKIGWR","B"
"qA899NiaoukP","A"
"qmOkadKqk5PA","A"
"qZeiRRWbnETM","D"
"qPGejgW3Byio","H"
"qBllsjjJpWmT","C"
"qVZaCILNIo3M","B"
"qVNnBkVxA3oG","F"
"q1dG9FxU7aiT","A"
"qW7tWnJbi1qT","D"
"q5beTYEOZEgr","E"
"qVbkXDFZQ3Qr","G"
"q8PgabmRkafs","E"
"qFZLkT1YHjtu","G"
"qPdd10Qskrq0","F"
"qf71vrDIc9oV","F"
"qK7tn66zvG4n","H"
"qZTHAoY5Jo4t","C"
"qbH3TNvcD5E5","A"
"qNsWPqLwyALE","C"
"qWFsoMvhOgNR","F"
"qyl1e01sVtqs","A"
"qOdbf4XIEVM5","E"
"q4oo0XqhGmIR","D"
"q1Tf10i6VMpv","D"
"qDOQJitDbZe1","B"
"qtSihdTRjARx","D"
"qLKYeJWunBeQ","G"
"qHjbMk75ol0W","C"
"qBGXAwIw8vo3","G"
"qOrgevl8qby3","F"
"qMTGkkIiQTio","C"
"quEnKwij7sOb","E"
"q1MnHf7LzeKf","E"
"qQ4nK2QYERQK","B"
"qb23K5DrC0vo","E"
"q10EwNWMKhFo","D"
"qWs3BWl43xCz","B"
"qLPthP4NUH0j","C"
"qBHfydn3Wpyb","G"
"qIR55BlNx7q9","E"
"qmOrD1SSJ2z7","B"
"q7rMtSOzItcP","C"
"q5eDFObnt2UE","H"
"qgjFNXqO2eJz","F"
"q8HkEx9cuLAF","E"
"qHSYnasR0onm","E"
"qsAFOKBKZTdO","A"
"qFOK5CsVuCyq","F"
"qCsngwPYXlpB","G"
"q7RJAlHBMHsh","A"
"qTJD2zbY0XCN","E"
"qf7JIedSbOBh","D"
"q62X9OKrmFt8","A"
"qEKFYWywy5Pt","A"
"qA2dybFaYlvV","G"
"qt8thh0DiQ6q","D"
"qkoTwbkNhVp3","E"
"qszq2x1rX1Lr","C"
"q1dFenS3rP0W","D"
"qn1jpZEEeAF3","D"
"qjcbvYpOECW1","F"
"qkOwSTg6X5vQ","C"
"qTS2zZ9Rtao2","E"
"qlzumUwMWYBc","D"
"qfbxmISVRcFZ","A"
"q1NQt4VFsK9B","E"
"0","A"
"1","B"
"2","A"
"3","B"
"4","D"
"5","D"
"6","B"
"7","B"
"8","C"
"9","A"
"10","C"
"11","B"
"12","C"
"13","B"
"14","C"
"15","B"
"16","C"
"17","D"
"18","D"
"19","C"
"20","B"
"21","B"
"22","A"
"23","B"
"24","C"
"25","B"
"26","B"
"27","C"
"28","B"
"29","B"
"30","D"
"31","B"
"32","B"
"33","A"
"34","A"
"35","C"
"36","B"
"37","A"
"38","C"
"39","A"
"40","B"
"41","B"
"42","D"
"43","B"
"44","A"
"45","B"
"46","B"
"47","C"
"48","B"
"49","D"
"51","B"
"52","B"
"53","C"
"54","B"
"55","A"
"56","C"
"57","B"
"58","B"
"59","B"
"60","B"
"61","D"
"62","A"
"63","B"
"64","B"
"65","C"
"66","A"
"67","B"
"68","A"
"69","B"
"70","C"
"71","B"
"72","B"
"73","B"
"74","C"
"75","D"
"76","B"
"77","C"
"78","D"
"79","B"
"80","B"
"81","B"
"82","B"
"83","B"
"84","B"
"85","C"
"86","B"
"87","C"
"88","B"
"89","B"
"90","B"
"91","B"
"92","B"
"93","B"
"94","A"
"95","C"
"96","B"
"97","B"
"98","B"
"99","A"
"100","B"
"101","C"
"102","A"
"103","B"
"104","C"
"105","A"
"106","B"
"107","C"
"108","B"
"109","D"
"110","B"
"111","A"
"112","B"
"113","A"
"114","A"
"115","B"
"116","B"
"117","A"
"118","C"
"119","B"
"120","B"
"121","A"
"122","C"
"123","B"
"124","B"
"125","B"
"126","B"
"127","B"
"128","B"
"129","B"
"130","B"
"131","A"
"132","B"
"133","B"
"134","B"
"135","B"
"136","B"
"137","B"
"138","B"
"139","D"
"140","A"
"141","A"
"142","B"
"143","B"
"144","B"
"145","B"
"146","B"
"147","B"
"148","B"
"149","D"
"150","B"
"151","C"
"152","B"
"153","B"
"154","B"
"155","B"
"156","A"
"157","B"
"158","D"
"159","B"
"160","B"
"161","B"
"162","B"
"163","B"
"164","B"
"165","B"
"166","C"
"167","B"
"168","D"
"169","B"
"170","B"
"171","B"
"172","D"
"173","B"
"174","C"
"175","B"
"176","A"
"177","A"
"178","A"
"179","A"
"180","B"
"181","B"
"182","C"
"183","B"
"184","B"
"185","C"
"186","D"
"187","B"
"188","C"
"189","B"
"190","B"
"191","A"
"192","C"
"193","D"
"194","B"
"195","D"
"196","B"
"197","A"
"198","B"
"199","B"
"200","D"
"201","B"
"202","B"
"203","C"
"204","C"
"205","D"
"206","D"
"207","D"
"208","C"
"209","D"
"210","C"
"211","C"
"212","D"
"213","D"
"214","D"
"215","B"
"216","D"
"217","D"
"218","B"
"219","D"
"220","C"
"221","D"
"222","C"
"223","A"
"224","D"
"225","A"
"226","A"
"227","D"
"228","C"
"229","D"
"230","A"
"231","C"
"232","B"
"233","A"
"234","C"
"235","D"
"236","A"
"237","D"
"238","C"
"239","C"
"240","A"
"241","B"
"242","C"
"243","D"
"244","B"
"245","D"
"246","B"
"247","A"
"248","B"
"249","D"
"250","D"
"251","B"
"252","D"
"253","B"
"254","B"
"255","A"
"256","A"
"257","B"
"258","C"
"259","D"
"260","C"
"261","A"
"262","D"
"263","A"
"264","A"
"265","D"
"266","C"
"267","D"
"268","B"
"269","B"
"270","A"
"271","D"
"272","B"
"273","B"
"274","B"
"275","B"
"276","B"
"277","D"
"278","C"
"279","C"
"280","C"
"281","C"
"282","D"
"283","A"
"284","A"
"285","A"
"286","A"
"287","B"
"288","D"
"289","C"
"290","D"
